ts,idx,tag,L,dim,d_state,headdim,ngroups,nheads,d_inner,target_tracks,batch_tokens,len_mean,warmup,requested_variant,env,precision_flags,n_params_m,variant_used,n_timed,t_iter_ms_mean,t_iter_ms_std,t_iter_ms_ci95,t_iter_ms_cv_pct,t_iter_ms_median,t_iter_ms_p10,t_iter_ms_p90,t_iter_ms_min,tracks_per_s,us_per_track,t2k_ms,status,error,vram_gib_peak
2026-07-25T17:54:14+00:00,0,L4_D128_N16_HD32_G1,4,128,16,32,1,8,256,16384,214254,13.077,50,v5pc,"{""git_sha"": ""1347e37f3901f7ebfeaabe88d62df612b8d46ed9"", ""torch"": ""2.9.1+cu128"", ""triton"": ""3.5.1"", ""mamba_ssm"": ""2.3.0"", ""gpu_name"": ""NVIDIA H100 NVL"", ""hostname"": ""sess3"", ""cuda_visible_devices"": ""1""}","{""float32_matmul_precision"": ""high"", ""cuda_matmul_allow_tf32"": true, ""cudnn_allow_tf32"": true, ""cudnn_conv_fp32_precision"": ""tf32"", ""cuda_matmul_fp32_precision"": ""tf32""}",1.0284,v5pc,300,18.49245,0.11809,0.01336,0.639,18.4835,18.33657,18.64697,18.23379,885983.3,1.1287,2.25738,ok,,1.867
2026-07-25T17:54:30+00:00,1,L1_D128_N16_HD32_G1,1,128,16,32,1,8,256,16384,214254,13.077,50,v5pc,"{""git_sha"": ""1347e37f3901f7ebfeaabe88d62df612b8d46ed9"", ""torch"": ""2.9.1+cu128"", ""triton"": ""3.5.1"", ""mamba_ssm"": ""2.3.0"", ""gpu_name"": ""NVIDIA H100 NVL"", ""hostname"": ""sess3"", ""cuda_visible_devices"": ""1""}","{""float32_matmul_precision"": ""high"", ""cuda_matmul_allow_tf32"": true, ""cudnn_allow_tf32"": true, ""cudnn_conv_fp32_precision"": ""tf32"", ""cuda_matmul_fp32_precision"": ""tf32""}",0.3477,v5pc,300,6.4211,0.04394,0.00497,0.684,6.4203,6.38084,6.45123,6.36573,2551588.1,0.3919,0.78383,ok,,1.613
2026-07-25T17:54:33+00:00,2,L2_D128_N16_HD32_G1,2,128,16,32,1,8,256,16384,214254,13.077,50,v5pc,"{""git_sha"": ""1347e37f3901f7ebfeaabe88d62df612b8d46ed9"", ""torch"": ""2.9.1+cu128"", ""triton"": ""3.5.1"", ""mamba_ssm"": ""2.3.0"", ""gpu_name"": ""NVIDIA H100 NVL"", ""hostname"": ""sess3"", ""cuda_visible_devices"": ""1""}","{""float32_matmul_precision"": ""high"", ""cuda_matmul_allow_tf32"": true, ""cudnn_allow_tf32"": true, ""cudnn_conv_fp32_precision"": ""tf32"", ""cuda_matmul_fp32_precision"": ""tf32""}",0.5746,v5pc,300,10.46366,0.33774,0.03822,3.228,10.44416,10.3931,10.4995,10.33066,1565800.4,0.6387,1.2773,ok,,1.733
2026-07-25T17:54:39+00:00,3,L3_D128_N16_HD32_G1,3,128,16,32,1,8,256,16384,214254,13.077,50,v5pc,"{""git_sha"": ""1347e37f3901f7ebfeaabe88d62df612b8d46ed9"", ""torch"": ""2.9.1+cu128"", ""triton"": ""3.5.1"", ""mamba_ssm"": ""2.3.0"", ""gpu_name"": ""NVIDIA H100 NVL"", ""hostname"": ""sess3"", ""cuda_visible_devices"": ""1""}","{""float32_matmul_precision"": ""high"", ""cuda_matmul_allow_tf32"": true, ""cudnn_allow_tf32"": true, ""cudnn_conv_fp32_precision"": ""tf32"", ""cuda_matmul_fp32_precision"": ""tf32""}",0.8015,v5pc,300,14.5537,0.12601,0.01426,0.866,14.5357,14.43375,14.70652,14.32019,1125762.2,0.8883,1.77657,ok,,1.735
2026-07-25T17:54:47+00:00,4,L6_D128_N16_HD32_G1,6,128,16,32,1,8,256,16384,214254,13.077,50,v5pc,"{""git_sha"": ""1347e37f3901f7ebfeaabe88d62df612b8d46ed9"", ""torch"": ""2.9.1+cu128"", ""triton"": ""3.5.1"", ""mamba_ssm"": ""2.3.0"", ""gpu_name"": ""NVIDIA H100 NVL"", ""hostname"": ""sess3"", ""cuda_visible_devices"": ""1""}","{""float32_matmul_precision"": ""high"", ""cuda_matmul_allow_tf32"": true, ""cudnn_allow_tf32"": true, ""cudnn_conv_fp32_precision"": ""tf32"", ""cuda_matmul_fp32_precision"": ""tf32""}",1.4823,v5pc,300,27.04434,0.29111,0.03294,1.076,27.04019,26.69765,27.43215,26.44096,605820.0,1.6507,3.30131,ok,,1.74
2026-07-25T17:55:01+00:00,5,L8_D128_N16_HD32_G1,8,128,16,32,1,8,256,16384,214254,13.077,50,v5pc,"{""git_sha"": ""1347e37f3901f7ebfeaabe88d62df612b8d46ed9"", ""torch"": ""2.9.1+cu128"", ""triton"": ""3.5.1"", ""mamba_ssm"": ""2.3.0"", ""gpu_name"": ""NVIDIA H100 NVL"", ""hostname"": ""sess3"", ""cuda_visible_devices"": ""1""}","{""float32_matmul_precision"": ""high"", ""cuda_matmul_allow_tf32"": true, ""cudnn_allow_tf32"": true, ""cudnn_conv_fp32_precision"": ""tf32"", ""cuda_matmul_fp32_precision"": ""tf32""}",1.9362,v5pc,300,35.53396,0.39099,0.04424,1.1,35.52695,35.02373,36.06777,34.78662,461080.1,2.1688,4.33764,ok,,1.744
2026-07-25T17:55:19+00:00,6,L10_D128_N16_HD32_G1,10,128,16,32,1,8,256,16384,214254,13.077,50,v5pc,"{""git_sha"": ""1347e37f3901f7ebfeaabe88d62df612b8d46ed9"", ""torch"": ""2.9.1+cu128"", ""triton"": ""3.5.1"", ""mamba_ssm"": ""2.3.0"", ""gpu_name"": ""NVIDIA H100 NVL"", ""hostname"": ""sess3"", ""cuda_visible_devices"": ""1""}","{""float32_matmul_precision"": ""high"", ""cuda_matmul_allow_tf32"": true, ""cudnn_allow_tf32"": true, ""cudnn_conv_fp32_precision"": ""tf32"", ""cuda_matmul_fp32_precision"": ""tf32""}",2.39,v5pc,300,44.21742,0.44061,0.04986,0.996,44.23389,43.68073,44.76021,43.16941,370532.7,2.6988,5.39763,ok,,1.747
2026-07-25T17:55:41+00:00,7,L12_D128_N16_HD32_G1,12,128,16,32,1,8,256,16384,214254,13.077,50,v5pc,"{""git_sha"": ""1347e37f3901f7ebfeaabe88d62df612b8d46ed9"", ""torch"": ""2.9.1+cu128"", ""triton"": ""3.5.1"", ""mamba_ssm"": ""2.3.0"", ""gpu_name"": ""NVIDIA H100 NVL"", ""hostname"": ""sess3"", ""cuda_visible_devices"": ""1""}","{""float32_matmul_precision"": ""high"", ""cuda_matmul_allow_tf32"": true, ""cudnn_allow_tf32"": true, ""cudnn_conv_fp32_precision"": ""tf32"", ""cuda_matmul_fp32_precision"": ""tf32""}",2.8439,v5pc,300,52.99407,0.43398,0.04911,0.819,53.0481,52.37203,53.50389,51.47853,309166.6,3.2345,6.469,ok,,1.75
2026-07-25T17:56:08+00:00,8,L16_D128_N16_HD32_G1,16,128,16,32,1,8,256,16384,214254,13.077,50,v5pc,"{""git_sha"": ""1347e37f3901f7ebfeaabe88d62df612b8d46ed9"", ""torch"": ""2.9.1+cu128"", ""triton"": ""3.5.1"", ""mamba_ssm"": ""2.3.0"", ""gpu_name"": ""NVIDIA H100 NVL"", ""hostname"": ""sess3"", ""cuda_visible_devices"": ""1""}","{""float32_matmul_precision"": ""high"", ""cuda_matmul_allow_tf32"": true, ""cudnn_allow_tf32"": true, ""cudnn_conv_fp32_precision"": ""tf32"", ""cuda_matmul_fp32_precision"": ""tf32""}",3.7516,v5pc,300,70.2528,0.52364,0.05926,0.745,70.31168,69.58446,70.82533,68.26604,233214.9,4.2879,8.57578,ok,,1.757
2026-07-25T17:56:43+00:00,9,L20_D128_N16_HD32_G1,20,128,16,32,1,8,256,16384,214254,13.077,50,v5pc,"{""git_sha"": ""1347e37f3901f7ebfeaabe88d62df612b8d46ed9"", ""torch"": ""2.9.1+cu128"", ""triton"": ""3.5.1"", ""mamba_ssm"": ""2.3.0"", ""gpu_name"": ""NVIDIA H100 NVL"", ""hostname"": ""sess3"", ""cuda_visible_devices"": ""1""}","{""float32_matmul_precision"": ""high"", ""cuda_matmul_allow_tf32"": true, ""cudnn_allow_tf32"": true, ""cudnn_conv_fp32_precision"": ""tf32"", ""cuda_matmul_fp32_precision"": ""tf32""}",4.6593,v5pc,300,87.62488,0.76346,0.08639,0.871,87.73058,86.7045,88.41427,84.80435,186978.9,5.3482,10.6964,ok,,1.885
2026-07-25T17:57:26+00:00,10,L4_D64_N16_HD32_G1,4,64,16,32,1,4,128,16384,214254,13.077,50,v5pc,"{""git_sha"": ""1347e37f3901f7ebfeaabe88d62df612b8d46ed9"", ""torch"": ""2.9.1+cu128"", ""triton"": ""3.5.1"", ""mamba_ssm"": ""2.3.0"", ""gpu_name"": ""NVIDIA H100 NVL"", ""hostname"": ""sess3"", ""cuda_visible_devices"": ""1""}","{""float32_matmul_precision"": ""high"", ""cuda_matmul_allow_tf32"": true, ""cudnn_allow_tf32"": true, ""cudnn_conv_fp32_precision"": ""tf32"", ""cuda_matmul_fp32_precision"": ""tf32""}",0.3353,v5pc,300,10.95733,0.03116,0.00353,0.284,10.95053,10.93079,10.99186,10.90365,1495254.9,0.6688,1.33756,ok,,1.101
2026-07-25T17:58:04+00:00,11,L4_D96_N16_HD32_G1,4,96,16,32,1,6,192,16384,214254,13.077,50,v5pc,"{""git_sha"": ""1347e37f3901f7ebfeaabe88d62df612b8d46ed9"", ""torch"": ""2.9.1+cu128"", ""triton"": ""3.5.1"", ""mamba_ssm"": ""2.3.0"", ""gpu_name"": ""NVIDIA H100 NVL"", ""hostname"": ""sess3"", ""cuda_visible_devices"": ""1""}","{""float32_matmul_precision"": ""high"", ""cuda_matmul_allow_tf32"": true, ""cudnn_allow_tf32"": true, ""cudnn_conv_fp32_precision"": ""tf32"", ""cuda_matmul_fp32_precision"": ""tf32""}",0.6281,v5pc,300,15.78057,0.26421,0.0299,1.674,15.79334,15.36344,16.12817,15.13702,1038239.0,0.9632,1.92634,ok,,1.784
2026-07-25T17:58:53+00:00,12,L4_D160_N16_HD32_G1,4,160,16,32,1,10,320,16384,214254,13.077,50,v5pc,"{""git_sha"": ""1347e37f3901f7ebfeaabe88d62df612b8d46ed9"", ""torch"": ""2.9.1+cu128"", ""triton"": ""3.5.1"", ""mamba_ssm"": ""2.3.0"", ""gpu_name"": ""NVIDIA H100 NVL"", ""hostname"": ""sess3"", ""cuda_visible_devices"": ""1""}","{""float32_matmul_precision"": ""high"", ""cuda_matmul_allow_tf32"": true, ""cudnn_allow_tf32"": true, ""cudnn_conv_fp32_precision"": ""tf32"", ""cuda_matmul_fp32_precision"": ""tf32""}",1.5363,v5pc,300,27.88729,0.37562,0.04251,1.347,27.88037,27.4366,28.33076,26.70182,587507.8,1.7021,3.40421,ok,,2.816
2026-07-25T18:00:03+00:00,13,L4_D192_N16_HD32_G1,4,192,16,32,1,12,384,16384,214254,13.077,50,v5pc,"{""git_sha"": ""1347e37f3901f7ebfeaabe88d62df612b8d46ed9"", ""torch"": ""2.9.1+cu128"", ""triton"": ""3.5.1"", ""mamba_ssm"": ""2.3.0"", ""gpu_name"": ""NVIDIA H100 NVL"", ""hostname"": ""sess3"", ""cuda_visible_devices"": ""1""}","{""float32_matmul_precision"": ""high"", ""cuda_matmul_allow_tf32"": true, ""cudnn_allow_tf32"": true, ""cudnn_conv_fp32_precision"": ""tf32"", ""cuda_matmul_fp32_precision"": ""tf32""}",2.1517,v5pc,300,29.74374,0.28169,0.03188,0.947,29.72787,29.41213,30.17933,28.93962,550838.5,1.8154,3.63083,ok,,2.638
2026-07-25T18:01:21+00:00,14,L4_D256_N16_HD32_G1,4,256,16,32,1,16,512,16384,214254,13.077,50,v5pc,"{""git_sha"": ""1347e37f3901f7ebfeaabe88d62df612b8d46ed9"", ""torch"": ""2.9.1+cu128"", ""triton"": ""3.5.1"", ""mamba_ssm"": ""2.3.0"", ""gpu_name"": ""NVIDIA H100 NVL"", ""hostname"": ""sess3"", ""cuda_visible_devices"": ""1""}","{""float32_matmul_precision"": ""high"", ""cuda_matmul_allow_tf32"": true, ""cudnn_allow_tf32"": true, ""cudnn_conv_fp32_precision"": ""tf32"", ""cuda_matmul_fp32_precision"": ""tf32""}",3.705,v5pc,300,37.97013,0.3474,0.03931,0.915,37.97395,37.53865,38.41468,37.05642,431497.1,2.3175,4.63503,ok,,3.413
2026-07-25T18:03:04+00:00,15,L4_D320_N16_HD32_G1,4,320,16,32,1,20,640,16384,214254,13.077,50,v5pc,"{""git_sha"": ""1347e37f3901f7ebfeaabe88d62df612b8d46ed9"", ""torch"": ""2.9.1+cu128"", ""triton"": ""3.5.1"", ""mamba_ssm"": ""2.3.0"", ""gpu_name"": ""NVIDIA H100 NVL"", ""hostname"": ""sess3"", ""cuda_visible_devices"": ""1""}","{""float32_matmul_precision"": ""high"", ""cuda_matmul_allow_tf32"": true, ""cudnn_allow_tf32"": true, ""cudnn_conv_fp32_precision"": ""tf32"", ""cuda_matmul_fp32_precision"": ""tf32""}",5.6884,v5pc,300,53.19746,0.40224,0.04552,0.756,53.23322,52.70491,53.72512,51.9255,307984.6,3.2469,6.49383,ok,,4.236
2026-07-25T18:05:20+00:00,16,L4_D384_N16_HD32_G1,4,384,16,32,1,24,768,16384,214254,13.077,50,v5pc,"{""git_sha"": ""1347e37f3901f7ebfeaabe88d62df612b8d46ed9"", ""torch"": ""2.9.1+cu128"", ""triton"": ""3.5.1"", ""mamba_ssm"": ""2.3.0"", ""gpu_name"": ""NVIDIA H100 NVL"", ""hostname"": ""sess3"", ""cuda_visible_devices"": ""1""}","{""float32_matmul_precision"": ""high"", ""cuda_matmul_allow_tf32"": true, ""cudnn_allow_tf32"": true, ""cudnn_conv_fp32_precision"": ""tf32"", ""cuda_matmul_fp32_precision"": ""tf32""}",8.1019,v5pc,300,65.39015,0.6369,0.07207,0.974,65.43426,64.56991,66.24795,63.77066,250557.6,3.9911,7.9822,ok,,5.069
2026-07-25T18:08:09+00:00,17,L4_D512_N16_HD32_G1,4,512,16,32,1,32,1024,16384,214254,13.077,50,v5pc,"{""git_sha"": ""1347e37f3901f7ebfeaabe88d62df612b8d46ed9"", ""torch"": ""2.9.1+cu128"", ""triton"": ""3.5.1"", ""mamba_ssm"": ""2.3.0"", ""gpu_name"": ""NVIDIA H100 NVL"", ""hostname"": ""sess3"", ""cuda_visible_devices"": ""1""}","{""float32_matmul_precision"": ""high"", ""cuda_matmul_allow_tf32"": true, ""cudnn_allow_tf32"": true, ""cudnn_conv_fp32_precision"": ""tf32"", ""cuda_matmul_fp32_precision"": ""tf32""}",14.219,v5pc,300,88.36841,0.85431,0.09667,0.967,88.44461,87.23538,89.43029,86.03277,185405.6,5.3936,10.78716,ok,,6.752
2026-07-25T18:12:14+00:00,18,L4_D128_N8_HD32_G1,4,128,8,32,1,8,256,16384,214254,13.077,50,v5pc,"{""git_sha"": ""1347e37f3901f7ebfeaabe88d62df612b8d46ed9"", ""torch"": ""2.9.1+cu128"", ""triton"": ""3.5.1"", ""mamba_ssm"": ""2.3.0"", ""gpu_name"": ""NVIDIA H100 NVL"", ""hostname"": ""sess3"", ""cuda_visible_devices"": ""1""}","{""float32_matmul_precision"": ""high"", ""cuda_matmul_allow_tf32"": true, ""cudnn_allow_tf32"": true, ""cudnn_conv_fp32_precision"": ""tf32"", ""cuda_matmul_fp32_precision"": ""tf32""}",1.0114,v5pc,,,,,,,,,,,,,error,"CompilationError: at 58:8:
        roff = (base + row.to(tl.int64))[:, None] * DPROJ_TOT
        wb = tl.load(convw_ptr + (HP + offs_n) * DCONV + k)
        wc = tl.load(convw_ptr + (HP + N + offs_n) * DCONV + k)
        b_acc += wb[None, :] * tl.load(zxbcdt_ptr + roff + (XBC_OFF + HP + offs_n)[None, :],
                                       mask=rmask[:, None], other=0.0)
        c_acc += wc[None, :] * tl.load(zxbcdt_ptr + roff + (XBC_OFF + HP + N + offs_n)[None, :],
                                       mask=rmask[:, None], other=0.0)
    b_acc += tl.load(convb_ptr + HP + offs_n)[None, :]
    c_acc += tl.load(convb_ptr + HP + N + offs_n)[None, :]
    Bm = b_acc * tl.sigmoid(b_acc)
    Cm = c_acc * tl.sigmoid(c_acc)
    G = tl.dot(Cm, tl.trans(Bm), input_precision=""ieee"")
        ^
Input shapes should have M >= 1, N >= 1 and K >= 16",1.368
2026-07-25T18:12:17+00:00,19,L4_D128_N24_HD32_G1,4,128,24,32,1,8,256,16384,214254,13.077,50,v5pc,"{""git_sha"": ""1347e37f3901f7ebfeaabe88d62df612b8d46ed9"", ""torch"": ""2.9.1+cu128"", ""triton"": ""3.5.1"", ""mamba_ssm"": ""2.3.0"", ""gpu_name"": ""NVIDIA H100 NVL"", ""hostname"": ""sess3"", ""cuda_visible_devices"": ""1""}","{""float32_matmul_precision"": ""high"", ""cuda_matmul_allow_tf32"": true, ""cudnn_allow_tf32"": true, ""cudnn_conv_fp32_precision"": ""tf32"", ""cuda_matmul_fp32_precision"": ""tf32""}",1.0455,v5pc,,,,,,,,,,,,,error,"CompilationError: at 32:13:
    DT_OFF: tl.constexpr = 2 * HP + 2 * N

    base = tl.load(cu_ptr + pid_t).to(tl.int64)
    nxt = tl.load(cu_ptr + pid_t + 1).to(tl.int64)
    Lt = (nxt - base).to(tl.int32)  # segment length (Lr + 2), <= BL

    offs_l = tl.arange(0, BL)
    lmask = offs_l < Lt
    last = Lt - 1

    offs_p = tl.arange(0, P)
    offs_n = tl.arange(0, N)
             ^
arange's range must be a power of 2",2.128
2026-07-25T18:12:21+00:00,20,L4_D128_N32_HD32_G1,4,128,32,32,1,8,256,16384,214254,13.077,50,v5pc,"{""git_sha"": ""1347e37f3901f7ebfeaabe88d62df612b8d46ed9"", ""torch"": ""2.9.1+cu128"", ""triton"": ""3.5.1"", ""mamba_ssm"": ""2.3.0"", ""gpu_name"": ""NVIDIA H100 NVL"", ""hostname"": ""sess3"", ""cuda_visible_devices"": ""1""}","{""float32_matmul_precision"": ""high"", ""cuda_matmul_allow_tf32"": true, ""cudnn_allow_tf32"": true, ""cudnn_conv_fp32_precision"": ""tf32"", ""cuda_matmul_fp32_precision"": ""tf32""}",1.0625,v5pc,300,20.01996,0.15632,0.01769,0.781,19.9997,19.82165,20.21749,19.72291,818383.1,1.2219,2.44384,ok,,2.171
2026-07-25T18:13:18+00:00,21,L4_D128_N48_HD32_G1,4,128,48,32,1,8,256,16384,214254,13.077,50,v5pc,"{""git_sha"": ""1347e37f3901f7ebfeaabe88d62df612b8d46ed9"", ""torch"": ""2.9.1+cu128"", ""triton"": ""3.5.1"", ""mamba_ssm"": ""2.3.0"", ""gpu_name"": ""NVIDIA H100 NVL"", ""hostname"": ""sess3"", ""cuda_visible_devices"": ""1""}","{""float32_matmul_precision"": ""high"", ""cuda_matmul_allow_tf32"": true, ""cudnn_allow_tf32"": true, ""cudnn_conv_fp32_precision"": ""tf32"", ""cuda_matmul_fp32_precision"": ""tf32""}",1.0965,v5pc,,,,,,,,,,,,,error,"CompilationError: at 32:13:
    DT_OFF: tl.constexpr = 2 * HP + 2 * N

    base = tl.load(cu_ptr + pid_t).to(tl.int64)
    nxt = tl.load(cu_ptr + pid_t + 1).to(tl.int64)
    Lt = (nxt - base).to(tl.int32)  # segment length (Lr + 2), <= BL

    offs_l = tl.arange(0, BL)
    lmask = offs_l < Lt
    last = Lt - 1

    offs_p = tl.arange(0, P)
    offs_n = tl.arange(0, N)
             ^
arange's range must be a power of 2",1.441
2026-07-25T18:13:22+00:00,22,L4_D128_N64_HD32_G1,4,128,64,32,1,8,256,16384,214254,13.077,50,v5pc,"{""git_sha"": ""1347e37f3901f7ebfeaabe88d62df612b8d46ed9"", ""torch"": ""2.9.1+cu128"", ""triton"": ""3.5.1"", ""mamba_ssm"": ""2.3.0"", ""gpu_name"": ""NVIDIA H100 NVL"", ""hostname"": ""sess3"", ""cuda_visible_devices"": ""1""}","{""float32_matmul_precision"": ""high"", ""cuda_matmul_allow_tf32"": true, ""cudnn_allow_tf32"": true, ""cudnn_conv_fp32_precision"": ""tf32"", ""cuda_matmul_fp32_precision"": ""tf32""}",1.1306,v5pc,300,21.62995,0.02788,0.00315,0.129,21.62827,21.59397,21.66842,21.56429,757468.1,1.3202,2.64038,ok,,2.274
2026-07-25T18:14:24+00:00,23,L4_D128_N96_HD32_G1,4,128,96,32,1,8,256,16384,214254,13.077,50,v5pc,"{""git_sha"": ""1347e37f3901f7ebfeaabe88d62df612b8d46ed9"", ""torch"": ""2.9.1+cu128"", ""triton"": ""3.5.1"", ""mamba_ssm"": ""2.3.0"", ""gpu_name"": ""NVIDIA H100 NVL"", ""hostname"": ""sess3"", ""cuda_visible_devices"": ""1""}","{""float32_matmul_precision"": ""high"", ""cuda_matmul_allow_tf32"": true, ""cudnn_allow_tf32"": true, ""cudnn_conv_fp32_precision"": ""tf32"", ""cuda_matmul_fp32_precision"": ""tf32""}",1.1987,v5pc,,,,,,,,,,,,,error,"CompilationError: at 32:13:
    DT_OFF: tl.constexpr = 2 * HP + 2 * N

    base = tl.load(cu_ptr + pid_t).to(tl.int64)
    nxt = tl.load(cu_ptr + pid_t + 1).to(tl.int64)
    Lt = (nxt - base).to(tl.int32)  # segment length (Lr + 2), <= BL

    offs_l = tl.arange(0, BL)
    lmask = offs_l < Lt
    last = Lt - 1

    offs_p = tl.arange(0, P)
    offs_n = tl.arange(0, N)
             ^
arange's range must be a power of 2",1.53
2026-07-25T18:14:27+00:00,24,L4_D128_N128_HD32_G1,4,128,128,32,1,8,256,16384,214254,13.077,50,v5pc,"{""git_sha"": ""1347e37f3901f7ebfeaabe88d62df612b8d46ed9"", ""torch"": ""2.9.1+cu128"", ""triton"": ""3.5.1"", ""mamba_ssm"": ""2.3.0"", ""gpu_name"": ""NVIDIA H100 NVL"", ""hostname"": ""sess3"", ""cuda_visible_devices"": ""1""}","{""float32_matmul_precision"": ""high"", ""cuda_matmul_allow_tf32"": true, ""cudnn_allow_tf32"": true, ""cudnn_conv_fp32_precision"": ""tf32"", ""cuda_matmul_fp32_precision"": ""tf32""}",1.2668,v5pc,300,30.98912,0.0441,0.00499,0.142,30.98275,30.94468,31.04501,30.91408,528701.7,1.8914,3.78285,ok,,2.482
2026-07-25T18:15:45+00:00,25,L4_D128_N16_HD16_G1,4,128,16,16,1,16,256,16384,214254,13.077,50,v5pc,"{""git_sha"": ""1347e37f3901f7ebfeaabe88d62df612b8d46ed9"", ""torch"": ""2.9.1+cu128"", ""triton"": ""3.5.1"", ""mamba_ssm"": ""2.3.0"", ""gpu_name"": ""NVIDIA H100 NVL"", ""hostname"": ""sess3"", ""cuda_visible_devices"": ""1""}","{""float32_matmul_precision"": ""high"", ""cuda_matmul_allow_tf32"": true, ""cudnn_allow_tf32"": true, ""cudnn_conv_fp32_precision"": ""tf32"", ""cuda_matmul_fp32_precision"": ""tf32""}",1.0368,v5pc,300,20.71924,0.03301,0.00374,0.159,20.71803,20.67819,20.76307,20.64314,790762.7,1.2646,2.5292,ok,,1.757
2026-07-25T18:17:05+00:00,26,L4_D128_N16_HD64_G1,4,128,16,64,1,4,256,16384,214254,13.077,50,v5pc,"{""git_sha"": ""1347e37f3901f7ebfeaabe88d62df612b8d46ed9"", ""torch"": ""2.9.1+cu128"", ""triton"": ""3.5.1"", ""mamba_ssm"": ""2.3.0"", ""gpu_name"": ""NVIDIA H100 NVL"", ""hostname"": ""sess3"", ""cuda_visible_devices"": ""1""}","{""float32_matmul_precision"": ""high"", ""cuda_matmul_allow_tf32"": true, ""cudnn_allow_tf32"": true, ""cudnn_conv_fp32_precision"": ""tf32"", ""cuda_matmul_fp32_precision"": ""tf32""}",1.0243,v5pc,300,23.49354,0.38404,0.04346,1.635,23.5111,23.00901,23.98049,22.4912,697383.2,1.4339,2.86786,ok,,1.745
2026-07-25T18:18:01+00:00,27,L4_D128_N16_HD128_G1,4,128,16,128,1,2,256,16384,214254,13.077,50,v5pc,"{""git_sha"": ""1347e37f3901f7ebfeaabe88d62df612b8d46ed9"", ""torch"": ""2.9.1+cu128"", ""triton"": ""3.5.1"", ""mamba_ssm"": ""2.3.0"", ""gpu_name"": ""NVIDIA H100 NVL"", ""hostname"": ""sess3"", ""cuda_visible_devices"": ""1""}","{""float32_matmul_precision"": ""high"", ""cuda_matmul_allow_tf32"": true, ""cudnn_allow_tf32"": true, ""cudnn_conv_fp32_precision"": ""tf32"", ""cuda_matmul_fp32_precision"": ""tf32""}",1.0222,v5pc,300,13.49461,0.23964,0.02712,1.776,13.46813,13.18379,13.8119,13.04432,1214114.6,0.8236,1.64729,ok,,2.264
2026-07-25T18:19:19+00:00,28,L4_D128_N16_HD32_G2,4,128,16,32,2,8,256,16384,214254,13.077,50,v5pc,"{""git_sha"": ""1347e37f3901f7ebfeaabe88d62df612b8d46ed9"", ""torch"": ""2.9.1+cu128"", ""triton"": ""3.5.1"", ""mamba_ssm"": ""2.3.0"", ""gpu_name"": ""NVIDIA H100 NVL"", ""hostname"": ""sess3"", ""cuda_visible_devices"": ""1""}","{""float32_matmul_precision"": ""high"", ""cuda_matmul_allow_tf32"": true, ""cudnn_allow_tf32"": true, ""cudnn_conv_fp32_precision"": ""tf32"", ""cuda_matmul_fp32_precision"": ""tf32""}",1.0625,,,,,,,,,,,,,,error,NotImplementedError: Mamba2Short supports ngroups=1 only,0.048
2026-07-25T18:19:20+00:00,29,L4_D128_N16_HD32_G4,4,128,16,32,4,8,256,16384,214254,13.077,50,v5pc,"{""git_sha"": ""1347e37f3901f7ebfeaabe88d62df612b8d46ed9"", ""torch"": ""2.9.1+cu128"", ""triton"": ""3.5.1"", ""mamba_ssm"": ""2.3.0"", ""gpu_name"": ""NVIDIA H100 NVL"", ""hostname"": ""sess3"", ""cuda_visible_devices"": ""1""}","{""float32_matmul_precision"": ""high"", ""cuda_matmul_allow_tf32"": true, ""cudnn_allow_tf32"": true, ""cudnn_conv_fp32_precision"": ""tf32"", ""cuda_matmul_fp32_precision"": ""tf32""}",1.1306,,,,,,,,,,,,,,error,NotImplementedError: Mamba2Short supports ngroups=1 only,0.049
2026-07-25T18:19:20+00:00,30,L4_D128_N16_HD32_G8,4,128,16,32,8,8,256,16384,214254,13.077,50,v5pc,"{""git_sha"": ""1347e37f3901f7ebfeaabe88d62df612b8d46ed9"", ""torch"": ""2.9.1+cu128"", ""triton"": ""3.5.1"", ""mamba_ssm"": ""2.3.0"", ""gpu_name"": ""NVIDIA H100 NVL"", ""hostname"": ""sess3"", ""cuda_visible_devices"": ""1""}","{""float32_matmul_precision"": ""high"", ""cuda_matmul_allow_tf32"": true, ""cudnn_allow_tf32"": true, ""cudnn_conv_fp32_precision"": ""tf32"", ""cuda_matmul_fp32_precision"": ""tf32""}",1.2668,,,,,,,,,,,,,,error,NotImplementedError: Mamba2Short supports ngroups=1 only,0.049
2026-07-25T18:19:21+00:00,31,L10_D192_N32_HD32_G1,10,192,32,32,1,12,384,16384,214254,13.077,50,v5pc,"{""git_sha"": ""1347e37f3901f7ebfeaabe88d62df612b8d46ed9"", ""torch"": ""2.9.1+cu128"", ""triton"": ""3.5.1"", ""mamba_ssm"": ""2.3.0"", ""gpu_name"": ""NVIDIA H100 NVL"", ""hostname"": ""sess3"", ""cuda_visible_devices"": ""1""}","{""float32_matmul_precision"": ""high"", ""cuda_matmul_allow_tf32"": true, ""cudnn_allow_tf32"": true, ""cudnn_conv_fp32_precision"": ""tf32"", ""cuda_matmul_fp32_precision"": ""tf32""}",5.2868,v5pc,300,77.59238,0.49109,0.05557,0.633,77.60431,76.96818,78.21035,76.24854,211154.8,4.7359,9.47173,ok,,2.616
2026-07-25T18:19:58+00:00,32,L10_D192_N16_HD32_G1,10,192,16,32,1,12,384,16384,214254,13.077,50,v5pc,"{""git_sha"": ""1347e37f3901f7ebfeaabe88d62df612b8d46ed9"", ""torch"": ""2.9.1+cu128"", ""triton"": ""3.5.1"", ""mamba_ssm"": ""2.3.0"", ""gpu_name"": ""NVIDIA H100 NVL"", ""hostname"": ""sess3"", ""cuda_visible_devices"": ""1""}","{""float32_matmul_precision"": ""high"", ""cuda_matmul_allow_tf32"": true, ""cudnn_allow_tf32"": true, ""cudnn_conv_fp32_precision"": ""tf32"", ""cuda_matmul_fp32_precision"": ""tf32""}",5.1608,v5pc,300,72.73429,0.60285,0.06822,0.829,72.73669,71.96841,73.48599,71.14614,225258.3,4.4393,8.8787,ok,,2.586
2026-07-25T18:20:30+00:00,33,L10_D192_N64_HD32_G1,10,192,64,32,1,12,384,16384,214254,13.077,50,v5pc,"{""git_sha"": ""1347e37f3901f7ebfeaabe88d62df612b8d46ed9"", ""torch"": ""2.9.1+cu128"", ""triton"": ""3.5.1"", ""mamba_ssm"": ""2.3.0"", ""gpu_name"": ""NVIDIA H100 NVL"", ""hostname"": ""sess3"", ""cuda_visible_devices"": ""1""}","{""float32_matmul_precision"": ""high"", ""cuda_matmul_allow_tf32"": true, ""cudnn_allow_tf32"": true, ""cudnn_conv_fp32_precision"": ""tf32"", ""cuda_matmul_fp32_precision"": ""tf32""}",5.539,v5pc,300,86.20315,0.62141,0.07032,0.721,86.21719,85.37794,87.08307,84.8249,190062.7,5.2614,10.52285,ok,,2.677
2026-07-25T18:22:16+00:00,34,L8_D256_N32_HD32_G1,8,256,32,32,1,16,512,16384,214254,13.077,50,v5pc,"{""git_sha"": ""1347e37f3901f7ebfeaabe88d62df612b8d46ed9"", ""torch"": ""2.9.1+cu128"", ""triton"": ""3.5.1"", ""mamba_ssm"": ""2.3.0"", ""gpu_name"": ""NVIDIA H100 NVL"", ""hostname"": ""sess3"", ""cuda_visible_devices"": ""1""}","{""float32_matmul_precision"": ""high"", ""cuda_matmul_allow_tf32"": true, ""cudnn_allow_tf32"": true, ""cudnn_conv_fp32_precision"": ""tf32"", ""cuda_matmul_fp32_precision"": ""tf32""}",7.3731,v5pc,300,82.27784,0.48598,0.05499,0.591,82.24027,81.68996,82.88642,81.28544,199130.2,5.0218,10.04368,ok,,3.455
2026-07-25T18:24:13+00:00,35,L6_D192_N64_HD32_G1,6,192,64,32,1,12,384,16384,214254,13.077,50,v5pc,"{""git_sha"": ""1347e37f3901f7ebfeaabe88d62df612b8d46ed9"", ""torch"": ""2.9.1+cu128"", ""triton"": ""3.5.1"", ""mamba_ssm"": ""2.3.0"", ""gpu_name"": ""NVIDIA H100 NVL"", ""hostname"": ""sess3"", ""cuda_visible_devices"": ""1""}","{""float32_matmul_precision"": ""high"", ""cuda_matmul_allow_tf32"": true, ""cudnn_allow_tf32"": true, ""cudnn_conv_fp32_precision"": ""tf32"", ""cuda_matmul_fp32_precision"": ""tf32""}",3.3816,v5pc,300,53.22495,0.31238,0.03535,0.587,53.24453,52.80234,53.63788,52.47856,307825.6,3.2486,6.49719,ok,,2.661
2026-07-25T18:24:37+00:00,36,L12_D128_N64_HD32_G1,12,128,64,32,1,8,256,16384,214254,13.077,50,v5pc,"{""git_sha"": ""1347e37f3901f7ebfeaabe88d62df612b8d46ed9"", ""torch"": ""2.9.1+cu128"", ""triton"": ""3.5.1"", ""mamba_ssm"": ""2.3.0"", ""gpu_name"": ""NVIDIA H100 NVL"", ""hostname"": ""sess3"", ""cuda_visible_devices"": ""1""}","{""float32_matmul_precision"": ""high"", ""cuda_matmul_allow_tf32"": true, ""cudnn_allow_tf32"": true, ""cudnn_conv_fp32_precision"": ""tf32"", ""cuda_matmul_fp32_precision"": ""tf32""}",3.1503,v5pc,300,60.7624,0.18493,0.02093,0.304,60.72383,60.55214,61.02126,60.45161,269640.4,3.7086,7.41729,ok,,1.841
2026-07-25T18:25:06+00:00,37,L4_D384_N64_HD32_G1,4,384,64,32,1,24,768,16384,214254,13.077,50,v5pc,"{""git_sha"": ""1347e37f3901f7ebfeaabe88d62df612b8d46ed9"", ""torch"": ""2.9.1+cu128"", ""triton"": ""3.5.1"", ""mamba_ssm"": ""2.3.0"", ""gpu_name"": ""NVIDIA H100 NVL"", ""hostname"": ""sess3"", ""cuda_visible_devices"": ""1""}","{""float32_matmul_precision"": ""high"", ""cuda_matmul_allow_tf32"": true, ""cudnn_allow_tf32"": true, ""cudnn_conv_fp32_precision"": ""tf32"", ""cuda_matmul_fp32_precision"": ""tf32""}",8.4006,v5pc,300,73.98123,0.37254,0.04216,0.504,73.96501,73.51477,74.43016,72.92867,221461.6,4.5155,9.03091,ok,,5.159
2026-07-25T18:28:05+00:00,38,L8_D192_N32_HD32_G1,8,192,32,32,1,12,384,16384,214254,13.077,50,v5pc,"{""git_sha"": ""1347e37f3901f7ebfeaabe88d62df612b8d46ed9"", ""torch"": ""2.9.1+cu128"", ""triton"": ""3.5.1"", ""mamba_ssm"": ""2.3.0"", ""gpu_name"": ""NVIDIA H100 NVL"", ""hostname"": ""sess3"", ""cuda_visible_devices"": ""1""}","{""float32_matmul_precision"": ""high"", ""cuda_matmul_allow_tf32"": true, ""cudnn_allow_tf32"": true, ""cudnn_conv_fp32_precision"": ""tf32"", ""cuda_matmul_fp32_precision"": ""tf32""}",4.2586,v5pc,300,62.99712,0.37393,0.04231,0.594,62.99195,62.49152,63.46412,61.97837,260075.4,3.845,7.69008,ok,,2.609
