ts,job_id,tag,variant,mode,batch_tracks,batch_tokens,t_iter_ms_mean,t_iter_ms_std,t_iter_ms_p10,t_iter_ms_p50,t_iter_ms_p90,tracks_per_s,tokens_per_s,t2k_ms,vram_gib_torch_peak,power_w_mean,power_w_max,sm_util_mean,vram_mib_max,clocks_sm_mean,n_samples,throttled,precision_flags,env,status,error,len_mean,len_min,len_max,timed_iters,warmup
2026-07-07T16:16:28+00:00,v0_staged,night1,v0,staged,22000,287265,124.4393,9.4709,121.2067,121.3486,132.6703,176793.1,2308475.3,11.3127,3.164,207.55257142857144,262.99,96.54285714285714,4599.0,1785.0,35,False,"{""float32_matmul_precision"": ""high"", ""cuda_matmul_allow_tf32"": true, ""cudnn_allow_tf32"": true, ""cudnn_conv_fp32_precision"": ""tf32"", ""cuda_matmul_fp32_precision"": ""tf32""}","{""git_sha"": ""17a40d1c0fe891ccc7f0f436b84a227cf3bf8548"", ""torch"": ""2.9.1+cu128"", ""triton"": ""3.5.1"", ""mamba_ssm"": ""2.3.0"", ""gpu_name"": ""NVIDIA H100 NVL"", ""hostname"": ""sess3"", ""cuda_visible_devices"": ""0""}",ok,,13.057,6,20,200,20
2026-07-07T16:18:29+00:00,v0_e2e,night1,v0,e2e,22000,287265,121.8597,4.219,121.3128,121.4694,122.0791,180535.4,2354122.3,11.0782,3.166,206.29833333333332,258.89,84.33333333333333,5299.0,1785.0,36,False,"{""float32_matmul_precision"": ""high"", ""cuda_matmul_allow_tf32"": true, ""cudnn_allow_tf32"": true, ""cudnn_conv_fp32_precision"": ""tf32"", ""cuda_matmul_fp32_precision"": ""tf32""}","{""git_sha"": ""17a40d1c0fe891ccc7f0f436b84a227cf3bf8548"", ""torch"": ""2.9.1+cu128"", ""triton"": ""3.5.1"", ""mamba_ssm"": ""2.3.0"", ""gpu_name"": ""NVIDIA H100 NVL"", ""hostname"": ""sess3"", ""cuda_visible_devices"": ""0""}",ok,,13.057,6,20,200,20
2026-07-07T16:18:57+00:00,v0_sweep,night1,v0,sweep,1024,13395,6.7861,0.0428,6.7416,6.7752,6.8319,150896.4,1973883.8,13.2541,0.396,180.75666666666666,237.19,77.0,1363.0,1785.0,6,False,"{""float32_matmul_precision"": ""high"", ""cuda_matmul_allow_tf32"": true, ""cudnn_allow_tf32"": true, ""cudnn_conv_fp32_precision"": ""tf32"", ""cuda_matmul_fp32_precision"": ""tf32""}","{""git_sha"": ""17a40d1c0fe891ccc7f0f436b84a227cf3bf8548"", ""torch"": ""2.9.1+cu128"", ""triton"": ""3.5.1"", ""mamba_ssm"": ""2.3.0"", ""gpu_name"": ""NVIDIA H100 NVL"", ""hostname"": ""sess3"", ""cuda_visible_devices"": ""1""}",ok,,13.081,6,20,50,10
2026-07-07T16:18:58+00:00,v0_sweep,night1,v0,sweep,2048,26790,12.4555,0.0213,12.4398,12.4537,12.4648,164424.9,2150850.9,12.1636,0.327,215.96,215.96,86.0,1363.0,1785.0,1,False,"{""float32_matmul_precision"": ""high"", ""cuda_matmul_allow_tf32"": true, ""cudnn_allow_tf32"": true, ""cudnn_conv_fp32_precision"": ""tf32"", ""cuda_matmul_fp32_precision"": ""tf32""}","{""git_sha"": ""17a40d1c0fe891ccc7f0f436b84a227cf3bf8548"", ""torch"": ""2.9.1+cu128"", ""triton"": ""3.5.1"", ""mamba_ssm"": ""2.3.0"", ""gpu_name"": ""NVIDIA H100 NVL"", ""hostname"": ""sess3"", ""cuda_visible_devices"": ""1""}",ok,,13.081,6,20,50,10
2026-07-07T16:19:00+00:00,v0_sweep,night1,v0,sweep,4096,53580,24.564,6.4634,23.6193,23.6369,23.6564,166748.3,2181243.1,11.9941,0.619,184.445,195.17,97.0,1487.0,1785.0,2,False,"{""float32_matmul_precision"": ""high"", ""cuda_matmul_allow_tf32"": true, ""cudnn_allow_tf32"": true, ""cudnn_conv_fp32_precision"": ""tf32"", ""cuda_matmul_fp32_precision"": ""tf32""}","{""git_sha"": ""17a40d1c0fe891ccc7f0f436b84a227cf3bf8548"", ""torch"": ""2.9.1+cu128"", ""triton"": ""3.5.1"", ""mamba_ssm"": ""2.3.0"", ""gpu_name"": ""NVIDIA H100 NVL"", ""hostname"": ""sess3"", ""cuda_visible_devices"": ""1""}",ok,,13.081,6,20,50,10
2026-07-07T16:19:03+00:00,v0_sweep,night1,v0,sweep,8192,107160,47.4485,6.6043,46.0711,46.0979,46.171,172650.3,2258448.0,11.5841,1.201,197.50333333333333,202.94,87.0,2115.0,1785.0,3,False,"{""float32_matmul_precision"": ""high"", ""cuda_matmul_allow_tf32"": true, ""cudnn_allow_tf32"": true, ""cudnn_conv_fp32_precision"": ""tf32"", ""cuda_matmul_fp32_precision"": ""tf32""}","{""git_sha"": ""17a40d1c0fe891ccc7f0f436b84a227cf3bf8548"", ""torch"": ""2.9.1+cu128"", ""triton"": ""3.5.1"", ""mamba_ssm"": ""2.3.0"", ""gpu_name"": ""NVIDIA H100 NVL"", ""hostname"": ""sess3"", ""cuda_visible_devices"": ""1""}",ok,,13.081,6,20,50,10
2026-07-07T16:19:08+00:00,v0_sweep,night1,v0,sweep,16384,214320,91.1717,1.3804,90.7859,90.8235,91.5559,179704.9,2350730.2,11.1294,2.369,207.95666666666668,210.93,99.33333333333333,3393.0,1785.0,6,False,"{""float32_matmul_precision"": ""high"", ""cuda_matmul_allow_tf32"": true, ""cudnn_allow_tf32"": true, ""cudnn_conv_fp32_precision"": ""tf32"", ""cuda_matmul_fp32_precision"": ""tf32""}","{""git_sha"": ""17a40d1c0fe891ccc7f0f436b84a227cf3bf8548"", ""torch"": ""2.9.1+cu128"", ""triton"": ""3.5.1"", ""mamba_ssm"": ""2.3.0"", ""gpu_name"": ""NVIDIA H100 NVL"", ""hostname"": ""sess3"", ""cuda_visible_devices"": ""1""}",ok,,13.081,6,20,50,10
2026-07-07T16:19:19+00:00,v0_sweep,night1,v0,sweep,32768,428640,182.2082,4.1216,180.7773,180.9718,184.0501,179838.3,2352474.3,11.1211,4.699,213.86272727272726,223.01,99.63636363636364,6673.0,1785.0,11,False,"{""float32_matmul_precision"": ""high"", ""cuda_matmul_allow_tf32"": true, ""cudnn_allow_tf32"": true, ""cudnn_conv_fp32_precision"": ""tf32"", ""cuda_matmul_fp32_precision"": ""tf32""}","{""git_sha"": ""17a40d1c0fe891ccc7f0f436b84a227cf3bf8548"", ""torch"": ""2.9.1+cu128"", ""triton"": ""3.5.1"", ""mamba_ssm"": ""2.3.0"", ""gpu_name"": ""NVIDIA H100 NVL"", ""hostname"": ""sess3"", ""cuda_visible_devices"": ""1""}",ok,,13.081,6,20,50,10
2026-07-07T16:19:41+00:00,v0_sweep,night1,v0,sweep,65536,857280,363.9915,9.2832,360.2622,361.4508,362.4018,180048.2,2355220.1,11.1081,9.36,216.11818181818182,223.84,98.5909090909091,12739.0,1785.0,22,False,"{""float32_matmul_precision"": ""high"", ""cuda_matmul_allow_tf32"": true, ""cudnn_allow_tf32"": true, ""cudnn_conv_fp32_precision"": ""tf32"", ""cuda_matmul_fp32_precision"": ""tf32""}","{""git_sha"": ""17a40d1c0fe891ccc7f0f436b84a227cf3bf8548"", ""torch"": ""2.9.1+cu128"", ""triton"": ""3.5.1"", ""mamba_ssm"": ""2.3.0"", ""gpu_name"": ""NVIDIA H100 NVL"", ""hostname"": ""sess3"", ""cuda_visible_devices"": ""1""}",ok,,13.081,6,20,50,10
2026-07-07T16:19:41+00:00,v0_sweep,night1,v0,sweep,131072,,,,,,,,,,10.187,,,,,,,,"{""float32_matmul_precision"": ""high"", ""cuda_matmul_allow_tf32"": true, ""cudnn_allow_tf32"": true, ""cudnn_conv_fp32_precision"": ""tf32"", ""cuda_matmul_fp32_precision"": ""tf32""}","{""git_sha"": ""17a40d1c0fe891ccc7f0f436b84a227cf3bf8548"", ""torch"": ""2.9.1+cu128"", ""triton"": ""3.5.1"", ""mamba_ssm"": ""2.3.0"", ""gpu_name"": ""NVIDIA H100 NVL"", ""hostname"": ""sess3"", ""cuda_visible_devices"": ""1""}",fail,RuntimeError: Triton Error [CUDA]: invalid argument,,,,,
2026-07-07T16:19:41+00:00,v0_sweep,night1,v0,sweep,98304,,,,,,,,,,11.83,,,,,,,,"{""float32_matmul_precision"": ""high"", ""cuda_matmul_allow_tf32"": true, ""cudnn_allow_tf32"": true, ""cudnn_conv_fp32_precision"": ""tf32"", ""cuda_matmul_fp32_precision"": ""tf32""}","{""git_sha"": ""17a40d1c0fe891ccc7f0f436b84a227cf3bf8548"", ""torch"": ""2.9.1+cu128"", ""triton"": ""3.5.1"", ""mamba_ssm"": ""2.3.0"", ""gpu_name"": ""NVIDIA H100 NVL"", ""hostname"": ""sess3"", ""cuda_visible_devices"": ""1""}",fail,RuntimeError: Triton Error [CUDA]: invalid argument,,,,,
2026-07-07T16:19:42+00:00,v0_sweep,night1,v0,sweep,81920,,,,,,,,,,9.518,,,,,,,,"{""float32_matmul_precision"": ""high"", ""cuda_matmul_allow_tf32"": true, ""cudnn_allow_tf32"": true, ""cudnn_conv_fp32_precision"": ""tf32"", ""cuda_matmul_fp32_precision"": ""tf32""}","{""git_sha"": ""17a40d1c0fe891ccc7f0f436b84a227cf3bf8548"", ""torch"": ""2.9.1+cu128"", ""triton"": ""3.5.1"", ""mamba_ssm"": ""2.3.0"", ""gpu_name"": ""NVIDIA H100 NVL"", ""hostname"": ""sess3"", ""cuda_visible_devices"": ""1""}",fail,RuntimeError: Triton Error [CUDA]: invalid argument,,,,,
2026-07-07T16:19:42+00:00,v0_sweep,night1,v0,sweep,73728,,,,,,,,,,8.36,,,,,,,,"{""float32_matmul_precision"": ""high"", ""cuda_matmul_allow_tf32"": true, ""cudnn_allow_tf32"": true, ""cudnn_conv_fp32_precision"": ""tf32"", ""cuda_matmul_fp32_precision"": ""tf32""}","{""git_sha"": ""17a40d1c0fe891ccc7f0f436b84a227cf3bf8548"", ""torch"": ""2.9.1+cu128"", ""triton"": ""3.5.1"", ""mamba_ssm"": ""2.3.0"", ""gpu_name"": ""NVIDIA H100 NVL"", ""hostname"": ""sess3"", ""cuda_visible_devices"": ""1""}",fail,RuntimeError: Triton Error [CUDA]: invalid argument,,,,,
2026-07-07T16:19:42+00:00,v0_sweep,night1,v0,sweep,69632,,,,,,,,,,7.782,,,,,,,,"{""float32_matmul_precision"": ""high"", ""cuda_matmul_allow_tf32"": true, ""cudnn_allow_tf32"": true, ""cudnn_conv_fp32_precision"": ""tf32"", ""cuda_matmul_fp32_precision"": ""tf32""}","{""git_sha"": ""17a40d1c0fe891ccc7f0f436b84a227cf3bf8548"", ""torch"": ""2.9.1+cu128"", ""triton"": ""3.5.1"", ""mamba_ssm"": ""2.3.0"", ""gpu_name"": ""NVIDIA H100 NVL"", ""hostname"": ""sess3"", ""cuda_visible_devices"": ""1""}",fail,RuntimeError: Triton Error [CUDA]: invalid argument,,,,,
2026-07-07T16:20:05+00:00,v0_sweep,night1,v0,sweep,67584,884070,374.8717,9.6719,371.5964,371.7827,380.1907,180285.7,2358327.1,11.0935,9.649,215.42608695652174,223.64,89.04347826086956,12425.0,1785.0,23,False,"{""float32_matmul_precision"": ""high"", ""cuda_matmul_allow_tf32"": true, ""cudnn_allow_tf32"": true, ""cudnn_conv_fp32_precision"": ""tf32"", ""cuda_matmul_fp32_precision"": ""tf32""}","{""git_sha"": ""17a40d1c0fe891ccc7f0f436b84a227cf3bf8548"", ""torch"": ""2.9.1+cu128"", ""triton"": ""3.5.1"", ""mamba_ssm"": ""2.3.0"", ""gpu_name"": ""NVIDIA H100 NVL"", ""hostname"": ""sess3"", ""cuda_visible_devices"": ""1""}",ok,,13.081,6,20,50,10
2026-07-07T16:20:18+00:00,v0_chunk32_staged,night1_chunk32,v0,staged,22000,287265,76.058,16.6816,70.7186,70.7879,81.1745,289253.1,3776921.8,6.9144,3.005,239.87333333333333,283.95,87.16666666666667,6099.0,1784.375,24,False,"{""float32_matmul_precision"": ""high"", ""cuda_matmul_allow_tf32"": true, ""cudnn_allow_tf32"": true, ""cudnn_conv_fp32_precision"": ""tf32"", ""cuda_matmul_fp32_precision"": ""tf32""}","{""git_sha"": ""17a40d1c0fe891ccc7f0f436b84a227cf3bf8548"", ""torch"": ""2.9.1+cu128"", ""triton"": ""3.5.1"", ""mamba_ssm"": ""2.3.0"", ""gpu_name"": ""NVIDIA H100 NVL"", ""hostname"": ""sess3"", ""cuda_visible_devices"": ""0""}",ok,,13.057,6,20,200,20
2026-07-07T16:23:11+00:00,v2p_staged,night1,v2p,staged,22000,287265,58.9546,3.029,56.588,58.4511,61.0179,373168.3,4872645.0,5.3595,4.973,338.971,399.88,94.85,6381.0,1665.0,20,True,"{""float32_matmul_precision"": ""high"", ""cuda_matmul_allow_tf32"": true, ""cudnn_allow_tf32"": true, ""cudnn_conv_fp32_precision"": ""tf32"", ""cuda_matmul_fp32_precision"": ""tf32""}","{""git_sha"": ""17a40d1c0fe891ccc7f0f436b84a227cf3bf8548"", ""torch"": ""2.9.1+cu128"", ""triton"": ""3.5.1"", ""mamba_ssm"": ""2.3.0"", ""gpu_name"": ""NVIDIA H100 NVL"", ""hostname"": ""sess3"", ""cuda_visible_devices"": ""0""}",ok,,13.057,6,20,200,20
2026-07-07T16:25:22+00:00,v3_staged,night1,v3,staged,22000,287265,125.0371,7.7738,120.1488,122.4547,139.8067,175947.8,2297438.6,11.367,5.97,383.7396428571428,402.28,96.42857142857143,14573.0,1556.25,28,True,"{""float32_matmul_precision"": ""high"", ""cuda_matmul_allow_tf32"": true, ""cudnn_allow_tf32"": true, ""cudnn_conv_fp32_precision"": ""tf32"", ""cuda_matmul_fp32_precision"": ""tf32""}","{""git_sha"": ""17a40d1c0fe891ccc7f0f436b84a227cf3bf8548"", ""torch"": ""2.9.1+cu128"", ""triton"": ""3.5.1"", ""mamba_ssm"": ""2.3.0"", ""gpu_name"": ""NVIDIA H100 NVL"", ""hostname"": ""sess3"", ""cuda_visible_devices"": ""0""}",ok,,13.057,6,20,200,20
2026-07-07T16:25:54+00:00,v3_sweep,night1,v3,sweep,8192,107127,47.0735,6.3964,44.113,45.7726,47.9321,174025.7,2275739.1,11.4926,2.246,281.1666666666667,387.21,66.66666666666667,10137.0,1675.0,3,True,"{""float32_matmul_precision"": ""high"", ""cuda_matmul_allow_tf32"": true, ""cudnn_allow_tf32"": true, ""cudnn_conv_fp32_precision"": ""tf32"", ""cuda_matmul_fp32_precision"": ""tf32""}","{""git_sha"": ""17a40d1c0fe891ccc7f0f436b84a227cf3bf8548"", ""torch"": ""2.9.1+cu128"", ""triton"": ""3.5.1"", ""mamba_ssm"": ""2.3.0"", ""gpu_name"": ""NVIDIA H100 NVL"", ""hostname"": ""sess3"", ""cuda_visible_devices"": ""0""}",ok,,13.077,6,20,30,10
2026-07-07T16:25:58+00:00,v3_sweep,night1,v3,sweep,16384,214254,92.2336,2.9973,89.6687,91.4956,94.4802,177636.0,2322950.1,11.259,4.455,395.175,409.57,75.75,13833.0,1395.0,4,True,"{""float32_matmul_precision"": ""high"", ""cuda_matmul_allow_tf32"": true, ""cudnn_allow_tf32"": true, ""cudnn_conv_fp32_precision"": ""tf32"", ""cuda_matmul_fp32_precision"": ""tf32""}","{""git_sha"": ""17a40d1c0fe891ccc7f0f436b84a227cf3bf8548"", ""torch"": ""2.9.1+cu128"", ""triton"": ""3.5.1"", ""mamba_ssm"": ""2.3.0"", ""gpu_name"": ""NVIDIA H100 NVL"", ""hostname"": ""sess3"", ""cuda_visible_devices"": ""0""}",ok,,13.077,6,20,30,10
2026-07-07T16:26:05+00:00,v3_sweep,night1,v3,sweep,32768,428508,183.1694,2.9337,180.957,182.7481,184.467,178894.5,2339408.3,11.1798,8.872,397.81,408.13,100.0,21223.0,1331.25,8,True,"{""float32_matmul_precision"": ""high"", ""cuda_matmul_allow_tf32"": true, ""cudnn_allow_tf32"": true, ""cudnn_conv_fp32_precision"": ""tf32"", ""cuda_matmul_fp32_precision"": ""tf32""}","{""git_sha"": ""17a40d1c0fe891ccc7f0f436b84a227cf3bf8548"", ""torch"": ""2.9.1+cu128"", ""triton"": ""3.5.1"", ""mamba_ssm"": ""2.3.0"", ""gpu_name"": ""NVIDIA H100 NVL"", ""hostname"": ""sess3"", ""cuda_visible_devices"": ""0""}",ok,,13.077,6,20,30,10
2026-07-07T16:26:20+00:00,v3_sweep,night1,v3,sweep,65536,857016,366.5025,1.9269,364.4507,366.6592,367.7277,178814.6,2338363.5,11.1848,17.707,398.30933333333337,409.1,99.33333333333333,36003.0,1315.0,15,True,"{""float32_matmul_precision"": ""high"", ""cuda_matmul_allow_tf32"": true, ""cudnn_allow_tf32"": true, ""cudnn_conv_fp32_precision"": ""tf32"", ""cuda_matmul_fp32_precision"": ""tf32""}","{""git_sha"": ""17a40d1c0fe891ccc7f0f436b84a227cf3bf8548"", ""torch"": ""2.9.1+cu128"", ""triton"": ""3.5.1"", ""mamba_ssm"": ""2.3.0"", ""gpu_name"": ""NVIDIA H100 NVL"", ""hostname"": ""sess3"", ""cuda_visible_devices"": ""0""}",ok,,13.077,6,20,30,10
2026-07-07T16:26:50+00:00,v3_sweep,night1,v3,sweep,131072,1714032,739.3745,2.1148,735.9679,739.8461,741.1295,177274.2,2318219.1,11.282,35.377,397.20866666666666,419.65,97.63333333333334,65563.0,1272.0,30,True,"{""float32_matmul_precision"": ""high"", ""cuda_matmul_allow_tf32"": true, ""cudnn_allow_tf32"": true, ""cudnn_conv_fp32_precision"": ""tf32"", ""cuda_matmul_fp32_precision"": ""tf32""}","{""git_sha"": ""17a40d1c0fe891ccc7f0f436b84a227cf3bf8548"", ""torch"": ""2.9.1+cu128"", ""triton"": ""3.5.1"", ""mamba_ssm"": ""2.3.0"", ""gpu_name"": ""NVIDIA H100 NVL"", ""hostname"": ""sess3"", ""cuda_visible_devices"": ""0""}",ok,,13.077,6,20,30,10
2026-07-07T16:27:49+00:00,v3_sweep,night1,v3,sweep,262144,3428064,1484.1237,8.731,1478.9592,1480.4505,1500.4455,176632.2,2309823.6,11.323,70.719,397.47450000000003,408.79,95.28333333333333,88749.0,1299.25,60,True,"{""float32_matmul_precision"": ""high"", ""cuda_matmul_allow_tf32"": true, ""cudnn_allow_tf32"": true, ""cudnn_conv_fp32_precision"": ""tf32"", ""cuda_matmul_fp32_precision"": ""tf32""}","{""git_sha"": ""17a40d1c0fe891ccc7f0f436b84a227cf3bf8548"", ""torch"": ""2.9.1+cu128"", ""triton"": ""3.5.1"", ""mamba_ssm"": ""2.3.0"", ""gpu_name"": ""NVIDIA H100 NVL"", ""hostname"": ""sess3"", ""cuda_visible_devices"": ""0""}",ok,,13.077,6,20,30,10
2026-07-07T16:27:50+00:00,v3_sweep,night1,v3,sweep,524288,,,,,,,,,,83.016,,,,,,,,"{""float32_matmul_precision"": ""high"", ""cuda_matmul_allow_tf32"": true, ""cudnn_allow_tf32"": true, ""cudnn_conv_fp32_precision"": ""tf32"", ""cuda_matmul_fp32_precision"": ""tf32""}","{""git_sha"": ""17a40d1c0fe891ccc7f0f436b84a227cf3bf8548"", ""torch"": ""2.9.1+cu128"", ""triton"": ""3.5.1"", ""mamba_ssm"": ""2.3.0"", ""gpu_name"": ""NVIDIA H100 NVL"", ""hostname"": ""sess3"", ""cuda_visible_devices"": ""0""}",fail,"OutOfMemoryError: CUDA out of memory. Tried to allocate 12.38 GiB. GPU 0 has a total capacity of 93.09 GiB of which 824.69 MiB is free. Process 153237 has 6.59 GiB memory in use. Including non-PyTorch memory, this process has 85.68 GiB memory in use. Of the allocated memory 83.02 GiB is allocated by PyTorch, and 2.00 GiB is reserved by PyTorch but unallocated. If reserved but unallocated memory is large try setting PYTORCH_CUDA_ALLOC_CONF=expandable_segments:True to avoid fragmentation.  See documentation for Memory Management  (https://pytorch.org/docs/stable/notes/cuda.html#environment-variables)",,,,,
2026-07-07T16:27:50+00:00,v3_sweep,night1,v3,sweep,393216,,,,,,,,,,62.272,,,,,,,,"{""float32_matmul_precision"": ""high"", ""cuda_matmul_allow_tf32"": true, ""cudnn_allow_tf32"": true, ""cudnn_conv_fp32_precision"": ""tf32"", ""cuda_matmul_fp32_precision"": ""tf32""}","{""git_sha"": ""17a40d1c0fe891ccc7f0f436b84a227cf3bf8548"", ""torch"": ""2.9.1+cu128"", ""triton"": ""3.5.1"", ""mamba_ssm"": ""2.3.0"", ""gpu_name"": ""NVIDIA H100 NVL"", ""hostname"": ""sess3"", ""cuda_visible_devices"": ""0""}",fail,"OutOfMemoryError: CUDA out of memory. Tried to allocate 9.28 GiB. GPU 0 has a total capacity of 93.09 GiB of which 3.90 GiB is free. Process 153237 has 6.59 GiB memory in use. Including non-PyTorch memory, this process has 82.58 GiB memory in use. Of the allocated memory 62.27 GiB is allocated by PyTorch, and 19.65 GiB is reserved by PyTorch but unallocated. If reserved but unallocated memory is large try setting PYTORCH_CUDA_ALLOC_CONF=expandable_segments:True to avoid fragmentation.  See documentation for Memory Management  (https://pytorch.org/docs/stable/notes/cuda.html#environment-variables)",,,,,
2026-07-07T16:27:50+00:00,v3_sweep,night1,v3,sweep,327680,,,,,,,,,,62.177,,,,,,,,"{""float32_matmul_precision"": ""high"", ""cuda_matmul_allow_tf32"": true, ""cudnn_allow_tf32"": true, ""cudnn_conv_fp32_precision"": ""tf32"", ""cuda_matmul_fp32_precision"": ""tf32""}","{""git_sha"": ""17a40d1c0fe891ccc7f0f436b84a227cf3bf8548"", ""torch"": ""2.9.1+cu128"", ""triton"": ""3.5.1"", ""mamba_ssm"": ""2.3.0"", ""gpu_name"": ""NVIDIA H100 NVL"", ""hostname"": ""sess3"", ""cuda_visible_devices"": ""0""}",fail,"OutOfMemoryError: CUDA out of memory. Tried to allocate 6.88 GiB. GPU 0 has a total capacity of 93.09 GiB of which 736.69 MiB is free. Process 153237 has 6.59 GiB memory in use. Including non-PyTorch memory, this process has 85.76 GiB memory in use. Of the allocated memory 62.18 GiB is allocated by PyTorch, and 22.92 GiB is reserved by PyTorch but unallocated. If reserved but unallocated memory is large try setting PYTORCH_CUDA_ALLOC_CONF=expandable_segments:True to avoid fragmentation.  See documentation for Memory Management  (https://pytorch.org/docs/stable/notes/cuda.html#environment-variables)",,,,,
2026-07-07T16:27:51+00:00,v3_sweep,night1,v3,sweep,294912,,,,,,,,,,68.339,,,,,,,,"{""float32_matmul_precision"": ""high"", ""cuda_matmul_allow_tf32"": true, ""cudnn_allow_tf32"": true, ""cudnn_conv_fp32_precision"": ""tf32"", ""cuda_matmul_fp32_precision"": ""tf32""}","{""git_sha"": ""17a40d1c0fe891ccc7f0f436b84a227cf3bf8548"", ""torch"": ""2.9.1+cu128"", ""triton"": ""3.5.1"", ""mamba_ssm"": ""2.3.0"", ""gpu_name"": ""NVIDIA H100 NVL"", ""hostname"": ""sess3"", ""cuda_visible_devices"": ""0""}",fail,"OutOfMemoryError: CUDA out of memory. Tried to allocate 6.19 GiB. GPU 0 has a total capacity of 93.09 GiB of which 5.45 GiB is free. Process 153237 has 6.59 GiB memory in use. Including non-PyTorch memory, this process has 81.04 GiB memory in use. Of the allocated memory 64.08 GiB is allocated by PyTorch, and 16.29 GiB is reserved by PyTorch but unallocated. If reserved but unallocated memory is large try setting PYTORCH_CUDA_ALLOC_CONF=expandable_segments:True to avoid fragmentation.  See documentation for Memory Management  (https://pytorch.org/docs/stable/notes/cuda.html#environment-variables)",,,,,
2026-07-07T16:27:51+00:00,v3_sweep,night1,v3,sweep,278528,,,,,,,,,,66.37,,,,,,,,"{""float32_matmul_precision"": ""high"", ""cuda_matmul_allow_tf32"": true, ""cudnn_allow_tf32"": true, ""cudnn_conv_fp32_precision"": ""tf32"", ""cuda_matmul_fp32_precision"": ""tf32""}","{""git_sha"": ""17a40d1c0fe891ccc7f0f436b84a227cf3bf8548"", ""torch"": ""2.9.1+cu128"", ""triton"": ""3.5.1"", ""mamba_ssm"": ""2.3.0"", ""gpu_name"": ""NVIDIA H100 NVL"", ""hostname"": ""sess3"", ""cuda_visible_devices"": ""0""}",fail,"OutOfMemoryError: CUDA out of memory. Tried to allocate 5.84 GiB. GPU 0 has a total capacity of 93.09 GiB of which 5.45 GiB is free. Process 153237 has 6.59 GiB memory in use. Including non-PyTorch memory, this process has 81.04 GiB memory in use. Of the allocated memory 64.54 GiB is allocated by PyTorch, and 15.83 GiB is reserved by PyTorch but unallocated. If reserved but unallocated memory is large try setting PYTORCH_CUDA_ALLOC_CONF=expandable_segments:True to avoid fragmentation.  See documentation for Memory Management  (https://pytorch.org/docs/stable/notes/cuda.html#environment-variables)",,,,,
2026-07-07T16:27:52+00:00,v3_sweep,night1,v3,sweep,270336,,,,,,,,,,64.42,,,,,,,,"{""float32_matmul_precision"": ""high"", ""cuda_matmul_allow_tf32"": true, ""cudnn_allow_tf32"": true, ""cudnn_conv_fp32_precision"": ""tf32"", ""cuda_matmul_fp32_precision"": ""tf32""}","{""git_sha"": ""17a40d1c0fe891ccc7f0f436b84a227cf3bf8548"", ""torch"": ""2.9.1+cu128"", ""triton"": ""3.5.1"", ""mamba_ssm"": ""2.3.0"", ""gpu_name"": ""NVIDIA H100 NVL"", ""hostname"": ""sess3"", ""cuda_visible_devices"": ""0""}",fail,"OutOfMemoryError: CUDA out of memory. Tried to allocate 5.67 GiB. GPU 0 has a total capacity of 93.09 GiB of which 5.53 GiB is free. Process 153237 has 6.59 GiB memory in use. Including non-PyTorch memory, this process has 80.95 GiB memory in use. Of the allocated memory 62.65 GiB is allocated by PyTorch, and 17.64 GiB is reserved by PyTorch but unallocated. If reserved but unallocated memory is large try setting PYTORCH_CUDA_ALLOC_CONF=expandable_segments:True to avoid fragmentation.  See documentation for Memory Management  (https://pytorch.org/docs/stable/notes/cuda.html#environment-variables)",,,,,
2026-07-07T16:28:21+00:00,v3c_staged,night1,v3c,staged,22000,287265,37.2524,3.9049,35.9771,36.527,37.9265,590565.7,7711312.3,3.3866,4.111,226.46285714285716,403.93,46.666666666666664,7155.0,1658.5714285714287,21,True,"{""float32_matmul_precision"": ""high"", ""cuda_matmul_allow_tf32"": true, ""cudnn_allow_tf32"": true, ""cudnn_conv_fp32_precision"": ""tf32"", ""cuda_matmul_fp32_precision"": ""tf32""}","{""git_sha"": ""17a40d1c0fe891ccc7f0f436b84a227cf3bf8548"", ""torch"": ""2.9.1+cu128"", ""triton"": ""3.5.1"", ""mamba_ssm"": ""2.3.0"", ""gpu_name"": ""NVIDIA H100 NVL"", ""hostname"": ""sess3"", ""cuda_visible_devices"": ""1""}",ok,,13.057,6,20,200,40
2026-07-07T16:29:09+00:00,v3c_sweep,night1,v3c,sweep,8192,107127,13.7741,0.3324,13.4681,13.664,14.3783,594740.0,7777430.5,3.3628,1.58,121.67909090909092,379.31,8.545454545454545,3133.0,1779.5454545454545,11,False,"{""float32_matmul_precision"": ""high"", ""cuda_matmul_allow_tf32"": true, ""cudnn_allow_tf32"": true, ""cudnn_conv_fp32_precision"": ""tf32"", ""cuda_matmul_fp32_precision"": ""tf32""}","{""git_sha"": ""17a40d1c0fe891ccc7f0f436b84a227cf3bf8548"", ""torch"": ""2.9.1+cu128"", ""triton"": ""3.5.1"", ""mamba_ssm"": ""2.3.0"", ""gpu_name"": ""NVIDIA H100 NVL"", ""hostname"": ""sess3"", ""cuda_visible_devices"": ""1""}",ok,,13.077,6,20,30,40
2026-07-07T16:29:18+00:00,v3c_sweep,night1,v3c,sweep,16384,214254,28.8076,7.8522,26.6984,27.5067,28.5034,568738.2,7437405.0,3.5166,3.071,205.071,392.97,39.4,6445.0,1765.5,10,False,"{""float32_matmul_precision"": ""high"", ""cuda_matmul_allow_tf32"": true, ""cudnn_allow_tf32"": true, ""cudnn_conv_fp32_precision"": ""tf32"", ""cuda_matmul_fp32_precision"": ""tf32""}","{""git_sha"": ""17a40d1c0fe891ccc7f0f436b84a227cf3bf8548"", ""torch"": ""2.9.1+cu128"", ""triton"": ""3.5.1"", ""mamba_ssm"": ""2.3.0"", ""gpu_name"": ""NVIDIA H100 NVL"", ""hostname"": ""sess3"", ""cuda_visible_devices"": ""1""}",ok,,13.077,6,20,30,40
2026-07-07T16:29:23+00:00,v3c_sweep,night1,v3c,sweep,32768,428508,54.9611,3.9978,53.3763,54.0485,56.0301,596203.1,7796563.3,3.3546,6.103,341.13800000000003,396.45,80.6,10867.0,1647.0,5,True,"{""float32_matmul_precision"": ""high"", ""cuda_matmul_allow_tf32"": true, ""cudnn_allow_tf32"": true, ""cudnn_conv_fp32_precision"": ""tf32"", ""cuda_matmul_fp32_precision"": ""tf32""}","{""git_sha"": ""17a40d1c0fe891ccc7f0f436b84a227cf3bf8548"", ""torch"": ""2.9.1+cu128"", ""triton"": ""3.5.1"", ""mamba_ssm"": ""2.3.0"", ""gpu_name"": ""NVIDIA H100 NVL"", ""hostname"": ""sess3"", ""cuda_visible_devices"": ""1""}",ok,,13.077,6,20,30,40
2026-07-07T16:29:39+00:00,v3c_sweep,night1,v3c,sweep,65536,857016,110.5565,2.7287,108.7704,110.0901,111.7772,592782.9,7751837.1,3.3739,12.169,276.3670588235294,401.68,56.35294117647059,25087.0,1575.8823529411766,17,True,"{""float32_matmul_precision"": ""high"", ""cuda_matmul_allow_tf32"": true, ""cudnn_allow_tf32"": true, ""cudnn_conv_fp32_precision"": ""tf32"", ""cuda_matmul_fp32_precision"": ""tf32""}","{""git_sha"": ""17a40d1c0fe891ccc7f0f436b84a227cf3bf8548"", ""torch"": ""2.9.1+cu128"", ""triton"": ""3.5.1"", ""mamba_ssm"": ""2.3.0"", ""gpu_name"": ""NVIDIA H100 NVL"", ""hostname"": ""sess3"", ""cuda_visible_devices"": ""1""}",ok,,13.077,6,20,30,40
2026-07-07T16:30:06+00:00,v3c_sweep,night1,v3c,sweep,131072,1714032,223.4912,1.7613,221.1318,223.2605,226.1634,586474.9,7669347.6,3.4102,24.302,300.1662962962963,401.43,69.29629629629629,51583.0,1446.111111111111,27,True,"{""float32_matmul_precision"": ""high"", ""cuda_matmul_allow_tf32"": true, ""cudnn_allow_tf32"": true, ""cudnn_conv_fp32_precision"": ""tf32"", ""cuda_matmul_fp32_precision"": ""tf32""}","{""git_sha"": ""17a40d1c0fe891ccc7f0f436b84a227cf3bf8548"", ""torch"": ""2.9.1+cu128"", ""triton"": ""3.5.1"", ""mamba_ssm"": ""2.3.0"", ""gpu_name"": ""NVIDIA H100 NVL"", ""hostname"": ""sess3"", ""cuda_visible_devices"": ""1""}",ok,,13.077,6,20,30,40
2026-07-07T16:30:53+00:00,v3c_sweep,night1,v3c,sweep,262144,3428064,469.8051,6.4364,462.9484,469.0494,478.2248,557984.6,7296779.2,3.5843,48.568,334.6671111111111,406.5,84.24444444444444,92415.0,1388.3333333333333,45,True,"{""float32_matmul_precision"": ""high"", ""cuda_matmul_allow_tf32"": true, ""cudnn_allow_tf32"": true, ""cudnn_conv_fp32_precision"": ""tf32"", ""cuda_matmul_fp32_precision"": ""tf32""}","{""git_sha"": ""17a40d1c0fe891ccc7f0f436b84a227cf3bf8548"", ""torch"": ""2.9.1+cu128"", ""triton"": ""3.5.1"", ""mamba_ssm"": ""2.3.0"", ""gpu_name"": ""NVIDIA H100 NVL"", ""hostname"": ""sess3"", ""cuda_visible_devices"": ""1""}",ok,,13.077,6,20,30,40
2026-07-07T16:31:14+00:00,v3c_sweep,night1,v3c,sweep,524288,,,,,,,,,,81.946,,,,,,,,"{""float32_matmul_precision"": ""high"", ""cuda_matmul_allow_tf32"": true, ""cudnn_allow_tf32"": true, ""cudnn_conv_fp32_precision"": ""tf32"", ""cuda_matmul_fp32_precision"": ""tf32""}","{""git_sha"": ""17a40d1c0fe891ccc7f0f436b84a227cf3bf8548"", ""torch"": ""2.9.1+cu128"", ""triton"": ""3.5.1"", ""mamba_ssm"": ""2.3.0"", ""gpu_name"": ""NVIDIA H100 NVL"", ""hostname"": ""sess3"", ""cuda_visible_devices"": ""1""}",fail,"OutOfMemoryError: CUDA out of memory. Tried to allocate 11.00 GiB. GPU 0 has a total capacity of 93.09 GiB of which 6.72 GiB is free. Including non-PyTorch memory, this process has 86.30 GiB memory in use. Of the allocated memory 81.89 GiB is allocated by PyTorch, and 3.74 GiB is reserved by PyTorch but unallocated. If reserved but unallocated memory is large try setting PYTORCH_CUDA_ALLOC_CONF=expandable_segments:True to avoid fragmentation.  See documentation for Memory Management  (https://pytorch.org/docs/stable/notes/cuda.html#environment-variables)",,,,,
2026-07-07T16:31:29+00:00,v3c_sweep,night1,v3c,sweep,393216,,,,,,,,,,69.734,,,,,,,,"{""float32_matmul_precision"": ""high"", ""cuda_matmul_allow_tf32"": true, ""cudnn_allow_tf32"": true, ""cudnn_conv_fp32_precision"": ""tf32"", ""cuda_matmul_fp32_precision"": ""tf32""}","{""git_sha"": ""17a40d1c0fe891ccc7f0f436b84a227cf3bf8548"", ""torch"": ""2.9.1+cu128"", ""triton"": ""3.5.1"", ""mamba_ssm"": ""2.3.0"", ""gpu_name"": ""NVIDIA H100 NVL"", ""hostname"": ""sess3"", ""cuda_visible_devices"": ""1""}",fail,"OutOfMemoryError: CUDA out of memory. Tried to allocate 8.25 GiB. GPU 0 has a total capacity of 93.09 GiB of which 1.00 GiB is free. Including non-PyTorch memory, this process has 92.02 GiB memory in use. Of the allocated memory 64.58 GiB is allocated by PyTorch, and 26.76 GiB is reserved by PyTorch but unallocated. If reserved but unallocated memory is large try setting PYTORCH_CUDA_ALLOC_CONF=expandable_segments:True to avoid fragmentation.  See documentation for Memory Management  (https://pytorch.org/docs/stable/notes/cuda.html#environment-variables)",,,,,
2026-07-07T16:31:29+00:00,v3c_sweep,night1,v3c,sweep,327680,,,,,,,,,,69.052,,,,,,,,"{""float32_matmul_precision"": ""high"", ""cuda_matmul_allow_tf32"": true, ""cudnn_allow_tf32"": true, ""cudnn_conv_fp32_precision"": ""tf32"", ""cuda_matmul_fp32_precision"": ""tf32""}","{""git_sha"": ""17a40d1c0fe891ccc7f0f436b84a227cf3bf8548"", ""torch"": ""2.9.1+cu128"", ""triton"": ""3.5.1"", ""mamba_ssm"": ""2.3.0"", ""gpu_name"": ""NVIDIA H100 NVL"", ""hostname"": ""sess3"", ""cuda_visible_devices"": ""1""}",fail,"OutOfMemoryError: CUDA out of memory. Tried to allocate 6.88 GiB. GPU 0 has a total capacity of 93.09 GiB of which 1.00 GiB is free. Including non-PyTorch memory, this process has 92.02 GiB memory in use. Of the allocated memory 69.05 GiB is allocated by PyTorch, and 22.30 GiB is reserved by PyTorch but unallocated. If reserved but unallocated memory is large try setting PYTORCH_CUDA_ALLOC_CONF=expandable_segments:True to avoid fragmentation.  See documentation for Memory Management  (https://pytorch.org/docs/stable/notes/cuda.html#environment-variables)",,,,,
2026-07-07T16:31:30+00:00,v3c_sweep,night1,v3c,sweep,294912,,,,,,,,,,70.272,,,,,,,,"{""float32_matmul_precision"": ""high"", ""cuda_matmul_allow_tf32"": true, ""cudnn_allow_tf32"": true, ""cudnn_conv_fp32_precision"": ""tf32"", ""cuda_matmul_fp32_precision"": ""tf32""}","{""git_sha"": ""17a40d1c0fe891ccc7f0f436b84a227cf3bf8548"", ""torch"": ""2.9.1+cu128"", ""triton"": ""3.5.1"", ""mamba_ssm"": ""2.3.0"", ""gpu_name"": ""NVIDIA H100 NVL"", ""hostname"": ""sess3"", ""cuda_visible_devices"": ""1""}",fail,"OutOfMemoryError: CUDA out of memory. Tried to allocate 6.19 GiB. GPU 0 has a total capacity of 93.09 GiB of which 1.00 GiB is free. Including non-PyTorch memory, this process has 92.02 GiB memory in use. Of the allocated memory 68.34 GiB is allocated by PyTorch, and 23.01 GiB is reserved by PyTorch but unallocated. If reserved but unallocated memory is large try setting PYTORCH_CUDA_ALLOC_CONF=expandable_segments:True to avoid fragmentation.  See documentation for Memory Management  (https://pytorch.org/docs/stable/notes/cuda.html#environment-variables)",,,,,
2026-07-07T16:31:30+00:00,v3c_sweep,night1,v3c,sweep,278528,,,,,,,,,,66.37,,,,,,,,"{""float32_matmul_precision"": ""high"", ""cuda_matmul_allow_tf32"": true, ""cudnn_allow_tf32"": true, ""cudnn_conv_fp32_precision"": ""tf32"", ""cuda_matmul_fp32_precision"": ""tf32""}","{""git_sha"": ""17a40d1c0fe891ccc7f0f436b84a227cf3bf8548"", ""torch"": ""2.9.1+cu128"", ""triton"": ""3.5.1"", ""mamba_ssm"": ""2.3.0"", ""gpu_name"": ""NVIDIA H100 NVL"", ""hostname"": ""sess3"", ""cuda_visible_devices"": ""1""}",fail,"OutOfMemoryError: CUDA out of memory. Tried to allocate 5.84 GiB. GPU 0 has a total capacity of 93.09 GiB of which 2.81 GiB is free. Including non-PyTorch memory, this process has 90.21 GiB memory in use. Of the allocated memory 64.54 GiB is allocated by PyTorch, and 24.99 GiB is reserved by PyTorch but unallocated. If reserved but unallocated memory is large try setting PYTORCH_CUDA_ALLOC_CONF=expandable_segments:True to avoid fragmentation.  See documentation for Memory Management  (https://pytorch.org/docs/stable/notes/cuda.html#environment-variables)",,,,,
2026-07-07T16:31:31+00:00,v3c_sweep,night1,v3c,sweep,270336,,,,,,,,,,68.319,,,,,,,,"{""float32_matmul_precision"": ""high"", ""cuda_matmul_allow_tf32"": true, ""cudnn_allow_tf32"": true, ""cudnn_conv_fp32_precision"": ""tf32"", ""cuda_matmul_fp32_precision"": ""tf32""}","{""git_sha"": ""17a40d1c0fe891ccc7f0f436b84a227cf3bf8548"", ""torch"": ""2.9.1+cu128"", ""triton"": ""3.5.1"", ""mamba_ssm"": ""2.3.0"", ""gpu_name"": ""NVIDIA H100 NVL"", ""hostname"": ""sess3"", ""cuda_visible_devices"": ""1""}",fail,"OutOfMemoryError: CUDA out of memory. Tried to allocate 5.67 GiB. GPU 0 has a total capacity of 93.09 GiB of which 2.81 GiB is free. Including non-PyTorch memory, this process has 90.21 GiB memory in use. Of the allocated memory 64.42 GiB is allocated by PyTorch, and 25.12 GiB is reserved by PyTorch but unallocated. If reserved but unallocated memory is large try setting PYTORCH_CUDA_ALLOC_CONF=expandable_segments:True to avoid fragmentation.  See documentation for Memory Management  (https://pytorch.org/docs/stable/notes/cuda.html#environment-variables)",,,,,
2026-07-07T16:31:58+00:00,v10L192_v0_staged,night1_10L192,v0,staged,,,,,,,,,,,,,,,,,,,"{""float32_matmul_precision"": ""high"", ""cuda_matmul_allow_tf32"": true, ""cudnn_allow_tf32"": true, ""cudnn_conv_fp32_precision"": ""tf32"", ""cuda_matmul_fp32_precision"": ""tf32""}","{""git_sha"": ""17a40d1c0fe891ccc7f0f436b84a227cf3bf8548"", ""torch"": ""2.9.1+cu128"", ""triton"": ""3.5.1"", ""mamba_ssm"": ""2.3.0"", ""gpu_name"": ""NVIDIA H100 NVL"", ""hostname"": ""sess3"", ""cuda_visible_devices"": ""1""}",error,TypeError: TrackParameterRegressor.__init__() got an unexpected keyword argument 'sort_field',,,,,
2026-07-07T16:32:56+00:00,v10L128_v0_staged,night1_10L128,v0,staged,,,,,,,,,,,,,,,,,,,"{""float32_matmul_precision"": ""high"", ""cuda_matmul_allow_tf32"": true, ""cudnn_allow_tf32"": true, ""cudnn_conv_fp32_precision"": ""tf32"", ""cuda_matmul_fp32_precision"": ""tf32""}","{""git_sha"": ""17a40d1c0fe891ccc7f0f436b84a227cf3bf8548"", ""torch"": ""2.9.1+cu128"", ""triton"": ""3.5.1"", ""mamba_ssm"": ""2.3.0"", ""gpu_name"": ""NVIDIA H100 NVL"", ""hostname"": ""sess3"", ""cuda_visible_devices"": ""1""}",error,TypeError: TrackParameterRegressor.__init__() got an unexpected keyword argument 'sort_field',,,,,
2026-07-07T16:34:46+00:00,v0_232_staged,night1_mamba232,v0,staged,22000,287265,124.9848,9.4555,121.5644,121.6244,142.702,176021.4,2298399.7,11.3623,3.164,204.92228571428572,259.21,95.74285714285715,4599.0,1785.0,35,False,"{""float32_matmul_precision"": ""high"", ""cuda_matmul_allow_tf32"": true, ""cudnn_allow_tf32"": true, ""cudnn_conv_fp32_precision"": ""tf32"", ""cuda_matmul_fp32_precision"": ""tf32""}","{""git_sha"": ""17a40d1c0fe891ccc7f0f436b84a227cf3bf8548"", ""torch"": ""2.9.1+cu128"", ""triton"": ""3.5.1"", ""mamba_ssm"": ""2.3.2.post1"", ""gpu_name"": ""NVIDIA H100 NVL"", ""hostname"": ""sess3"", ""cuda_visible_devices"": ""1""}",ok,,13.057,6,20,200,20
2026-07-07T16:35:27+00:00,v0_232_sweep,night1_mamba232,v0,sweep,8192,107127,46.7749,3.3643,46.046,46.0738,46.186,175136.6,2290266.2,11.4197,1.201,189.2875,241.76,85.75,2317.0,1785.0,8,False,"{""float32_matmul_precision"": ""high"", ""cuda_matmul_allow_tf32"": true, ""cudnn_allow_tf32"": true, ""cudnn_conv_fp32_precision"": ""tf32"", ""cuda_matmul_fp32_precision"": ""tf32""}","{""git_sha"": ""17a40d1c0fe891ccc7f0f436b84a227cf3bf8548"", ""torch"": ""2.9.1+cu128"", ""triton"": ""3.5.1"", ""mamba_ssm"": ""2.3.2.post1"", ""gpu_name"": ""NVIDIA H100 NVL"", ""hostname"": ""sess3"", ""cuda_visible_devices"": ""1""}",ok,,13.077,6,20,30,10
2026-07-07T16:35:31+00:00,v0_232_sweep,night1_mamba232,v0,sweep,16384,214254,91.5018,2.4177,90.8689,90.9144,91.1881,179056.6,2341527.5,11.1697,2.368,210.5075,217.04,89.5,3595.0,1785.0,4,False,"{""float32_matmul_precision"": ""high"", ""cuda_matmul_allow_tf32"": true, ""cudnn_allow_tf32"": true, ""cudnn_conv_fp32_precision"": ""tf32"", ""cuda_matmul_fp32_precision"": ""tf32""}","{""git_sha"": ""17a40d1c0fe891ccc7f0f436b84a227cf3bf8548"", ""torch"": ""2.9.1+cu128"", ""triton"": ""3.5.1"", ""mamba_ssm"": ""2.3.2.post1"", ""gpu_name"": ""NVIDIA H100 NVL"", ""hostname"": ""sess3"", ""cuda_visible_devices"": ""1""}",ok,,13.077,6,20,30,10
2026-07-07T16:35:38+00:00,v0_232_sweep,night1_mamba232,v0,sweep,32768,428508,182.412,5.3134,180.7935,181.0005,181.3585,179637.3,2349121.5,11.1335,4.696,213.33625,226.04,85.5,6875.0,1785.0,8,False,"{""float32_matmul_precision"": ""high"", ""cuda_matmul_allow_tf32"": true, ""cudnn_allow_tf32"": true, ""cudnn_conv_fp32_precision"": ""tf32"", ""cuda_matmul_fp32_precision"": ""tf32""}","{""git_sha"": ""17a40d1c0fe891ccc7f0f436b84a227cf3bf8548"", ""torch"": ""2.9.1+cu128"", ""triton"": ""3.5.1"", ""mamba_ssm"": ""2.3.2.post1"", ""gpu_name"": ""NVIDIA H100 NVL"", ""hostname"": ""sess3"", ""cuda_visible_devices"": ""1""}",ok,,13.077,6,20,30,10
2026-07-07T16:35:53+00:00,v0_232_sweep,night1_mamba232,v0,sweep,65536,857016,365.1493,14.0845,360.2806,361.3268,363.469,179477.3,2347029.2,11.1435,9.354,216.96933333333334,226.38,95.6,12941.0,1785.0,15,False,"{""float32_matmul_precision"": ""high"", ""cuda_matmul_allow_tf32"": true, ""cudnn_allow_tf32"": true, ""cudnn_conv_fp32_precision"": ""tf32"", ""cuda_matmul_fp32_precision"": ""tf32""}","{""git_sha"": ""17a40d1c0fe891ccc7f0f436b84a227cf3bf8548"", ""torch"": ""2.9.1+cu128"", ""triton"": ""3.5.1"", ""mamba_ssm"": ""2.3.2.post1"", ""gpu_name"": ""NVIDIA H100 NVL"", ""hostname"": ""sess3"", ""cuda_visible_devices"": ""1""}",ok,,13.077,6,20,30,10
2026-07-07T16:35:53+00:00,v0_232_sweep,night1_mamba232,v0,sweep,131072,,,,,,,,,,10.184,,,,,,,,"{""float32_matmul_precision"": ""high"", ""cuda_matmul_allow_tf32"": true, ""cudnn_allow_tf32"": true, ""cudnn_conv_fp32_precision"": ""tf32"", ""cuda_matmul_fp32_precision"": ""tf32""}","{""git_sha"": ""17a40d1c0fe891ccc7f0f436b84a227cf3bf8548"", ""torch"": ""2.9.1+cu128"", ""triton"": ""3.5.1"", ""mamba_ssm"": ""2.3.2.post1"", ""gpu_name"": ""NVIDIA H100 NVL"", ""hostname"": ""sess3"", ""cuda_visible_devices"": ""1""}",fail,RuntimeError: Triton Error [CUDA]: invalid argument,,,,,
2026-07-07T16:35:54+00:00,v0_232_sweep,night1_mamba232,v0,sweep,98304,,,,,,,,,,11.828,,,,,,,,"{""float32_matmul_precision"": ""high"", ""cuda_matmul_allow_tf32"": true, ""cudnn_allow_tf32"": true, ""cudnn_conv_fp32_precision"": ""tf32"", ""cuda_matmul_fp32_precision"": ""tf32""}","{""git_sha"": ""17a40d1c0fe891ccc7f0f436b84a227cf3bf8548"", ""torch"": ""2.9.1+cu128"", ""triton"": ""3.5.1"", ""mamba_ssm"": ""2.3.2.post1"", ""gpu_name"": ""NVIDIA H100 NVL"", ""hostname"": ""sess3"", ""cuda_visible_devices"": ""1""}",fail,RuntimeError: Triton Error [CUDA]: invalid argument,,,,,
2026-07-07T16:35:54+00:00,v0_232_sweep,night1_mamba232,v0,sweep,81920,,,,,,,,,,9.514,,,,,,,,"{""float32_matmul_precision"": ""high"", ""cuda_matmul_allow_tf32"": true, ""cudnn_allow_tf32"": true, ""cudnn_conv_fp32_precision"": ""tf32"", ""cuda_matmul_fp32_precision"": ""tf32""}","{""git_sha"": ""17a40d1c0fe891ccc7f0f436b84a227cf3bf8548"", ""torch"": ""2.9.1+cu128"", ""triton"": ""3.5.1"", ""mamba_ssm"": ""2.3.2.post1"", ""gpu_name"": ""NVIDIA H100 NVL"", ""hostname"": ""sess3"", ""cuda_visible_devices"": ""1""}",fail,RuntimeError: Triton Error [CUDA]: invalid argument,,,,,
2026-07-07T16:35:54+00:00,v0_232_sweep,night1_mamba232,v0,sweep,73728,,,,,,,,,,8.357,,,,,,,,"{""float32_matmul_precision"": ""high"", ""cuda_matmul_allow_tf32"": true, ""cudnn_allow_tf32"": true, ""cudnn_conv_fp32_precision"": ""tf32"", ""cuda_matmul_fp32_precision"": ""tf32""}","{""git_sha"": ""17a40d1c0fe891ccc7f0f436b84a227cf3bf8548"", ""torch"": ""2.9.1+cu128"", ""triton"": ""3.5.1"", ""mamba_ssm"": ""2.3.2.post1"", ""gpu_name"": ""NVIDIA H100 NVL"", ""hostname"": ""sess3"", ""cuda_visible_devices"": ""1""}",fail,RuntimeError: Triton Error [CUDA]: invalid argument,,,,,
2026-07-07T16:35:54+00:00,v0_232_sweep,night1_mamba232,v0,sweep,69632,,,,,,,,,,7.78,,,,,,,,"{""float32_matmul_precision"": ""high"", ""cuda_matmul_allow_tf32"": true, ""cudnn_allow_tf32"": true, ""cudnn_conv_fp32_precision"": ""tf32"", ""cuda_matmul_fp32_precision"": ""tf32""}","{""git_sha"": ""17a40d1c0fe891ccc7f0f436b84a227cf3bf8548"", ""torch"": ""2.9.1+cu128"", ""triton"": ""3.5.1"", ""mamba_ssm"": ""2.3.2.post1"", ""gpu_name"": ""NVIDIA H100 NVL"", ""hostname"": ""sess3"", ""cuda_visible_devices"": ""1""}",fail,RuntimeError: Triton Error [CUDA]: invalid argument,,,,,
2026-07-07T16:36:09+00:00,v0_232_sweep,night1_mamba232,v0,sweep,67584,883790,373.8386,6.917,371.5298,371.6953,372.991,180783.9,2364094.9,11.0629,9.647,212.75266666666667,224.1,93.46666666666667,11861.0,1785.0,15,False,"{""float32_matmul_precision"": ""high"", ""cuda_matmul_allow_tf32"": true, ""cudnn_allow_tf32"": true, ""cudnn_conv_fp32_precision"": ""tf32"", ""cuda_matmul_fp32_precision"": ""tf32""}","{""git_sha"": ""17a40d1c0fe891ccc7f0f436b84a227cf3bf8548"", ""torch"": ""2.9.1+cu128"", ""triton"": ""3.5.1"", ""mamba_ssm"": ""2.3.2.post1"", ""gpu_name"": ""NVIDIA H100 NVL"", ""hostname"": ""sess3"", ""cuda_visible_devices"": ""1""}",ok,,13.077,6,20,30,10
2026-07-07T16:36:42+00:00,profile_nsys_v0,night1_profile,v0,staged,22000,287265,124.1477,4.9219,122.1488,122.1981,131.0185,177208.3,2313897.9,11.2862,3.164,,,,,,,,"{""float32_matmul_precision"": ""high"", ""cuda_matmul_allow_tf32"": true, ""cudnn_allow_tf32"": true, ""cudnn_conv_fp32_precision"": ""tf32"", ""cuda_matmul_fp32_precision"": ""tf32""}","{""git_sha"": ""17a40d1c0fe891ccc7f0f436b84a227cf3bf8548"", ""torch"": ""2.9.1+cu128"", ""triton"": ""3.5.1"", ""mamba_ssm"": ""2.3.0"", ""gpu_name"": ""NVIDIA H100 NVL"", ""hostname"": ""sess3"", ""cuda_visible_devices"": ""0,1""}",ok,,13.057,6,20,20,10
2026-07-07T16:37:44+00:00,profile_nsys_v3c,night1_profile,v3c,staged,22000,287265,37.3537,0.9909,36.1694,37.6525,38.3909,588964.0,7690397.4,3.3958,4.111,,,,,,,,"{""float32_matmul_precision"": ""high"", ""cuda_matmul_allow_tf32"": true, ""cudnn_allow_tf32"": true, ""cudnn_conv_fp32_precision"": ""tf32"", ""cuda_matmul_fp32_precision"": ""tf32""}","{""git_sha"": ""17a40d1c0fe891ccc7f0f436b84a227cf3bf8548"", ""torch"": ""2.9.1+cu128"", ""triton"": ""3.5.1"", ""mamba_ssm"": ""2.3.0"", ""gpu_name"": ""NVIDIA H100 NVL"", ""hostname"": ""sess3"", ""cuda_visible_devices"": ""0,1""}",ok,,13.057,6,20,20,40
2026-07-07T16:48:49+00:00,v4_staged,night1,v4,staged,22000,287265,37.1718,6.3291,35.1678,35.6643,38.2612,591846.2,7728031.3,3.3793,3.296,266.3305263157895,402.73,62.63157894736842,5095.0,1708.421052631579,19,False,"{""float32_matmul_precision"": ""high"", ""cuda_matmul_allow_tf32"": true, ""cudnn_allow_tf32"": true, ""cudnn_conv_fp32_precision"": ""tf32"", ""cuda_matmul_fp32_precision"": ""tf32""}","{""git_sha"": ""17a40d1c0fe891ccc7f0f436b84a227cf3bf8548"", ""torch"": ""2.9.1+cu128"", ""triton"": ""3.5.1"", ""mamba_ssm"": ""2.3.0"", ""gpu_name"": ""NVIDIA H100 NVL"", ""hostname"": ""sess3"", ""cuda_visible_devices"": ""1""}",ok,,13.057,6,20,200,40
2026-07-07T16:49:38+00:00,v4_sweep,night1,v4,sweep,8192,107127,15.0464,8.2874,13.0684,13.3758,14.2463,544447.5,7119754.9,3.6734,1.409,180.602,388.64,30.0,2621.0,1738.5,10,False,"{""float32_matmul_precision"": ""high"", ""cuda_matmul_allow_tf32"": true, ""cudnn_allow_tf32"": true, ""cudnn_conv_fp32_precision"": ""tf32"", ""cuda_matmul_fp32_precision"": ""tf32""}","{""git_sha"": ""17a40d1c0fe891ccc7f0f436b84a227cf3bf8548"", ""torch"": ""2.9.1+cu128"", ""triton"": ""3.5.1"", ""mamba_ssm"": ""2.3.0"", ""gpu_name"": ""NVIDIA H100 NVL"", ""hostname"": ""sess3"", ""cuda_visible_devices"": ""1""}",ok,,13.077,6,20,30,40
2026-07-07T16:49:43+00:00,v4_sweep,night1,v4,sweep,16384,214254,26.7944,0.627,26.2895,26.5609,27.5882,611469.9,7996208.4,3.2708,2.451,235.23600000000002,391.05,48.0,4437.0,1719.0,5,False,"{""float32_matmul_precision"": ""high"", ""cuda_matmul_allow_tf32"": true, ""cudnn_allow_tf32"": true, ""cudnn_conv_fp32_precision"": ""tf32"", ""cuda_matmul_fp32_precision"": ""tf32""}","{""git_sha"": ""17a40d1c0fe891ccc7f0f436b84a227cf3bf8548"", ""torch"": ""2.9.1+cu128"", ""triton"": ""3.5.1"", ""mamba_ssm"": ""2.3.0"", ""gpu_name"": ""NVIDIA H100 NVL"", ""hostname"": ""sess3"", ""cuda_visible_devices"": ""1""}",ok,,13.077,6,20,30,40
2026-07-07T16:49:48+00:00,v4_sweep,night1,v4,sweep,32768,428508,55.8166,6.0049,53.042,53.768,58.2914,587065.6,7677072.8,3.4068,4.86,367.476,393.08,100.0,8067.0,1728.0,5,False,"{""float32_matmul_precision"": ""high"", ""cuda_matmul_allow_tf32"": true, ""cudnn_allow_tf32"": true, ""cudnn_conv_fp32_precision"": ""tf32"", ""cuda_matmul_fp32_precision"": ""tf32""}","{""git_sha"": ""17a40d1c0fe891ccc7f0f436b84a227cf3bf8548"", ""torch"": ""2.9.1+cu128"", ""triton"": ""3.5.1"", ""mamba_ssm"": ""2.3.0"", ""gpu_name"": ""NVIDIA H100 NVL"", ""hostname"": ""sess3"", ""cuda_visible_devices"": ""1""}",ok,,13.077,6,20,30,40
2026-07-07T16:49:58+00:00,v4_sweep,night1,v4,sweep,65536,857016,111.1132,4.3396,107.9601,109.0742,117.5832,589812.9,7712998.4,3.3909,9.68,333.3090909090909,397.08,81.27272727272727,15327.0,1667.7272727272727,11,True,"{""float32_matmul_precision"": ""high"", ""cuda_matmul_allow_tf32"": true, ""cudnn_allow_tf32"": true, ""cudnn_conv_fp32_precision"": ""tf32"", ""cuda_matmul_fp32_precision"": ""tf32""}","{""git_sha"": ""17a40d1c0fe891ccc7f0f436b84a227cf3bf8548"", ""torch"": ""2.9.1+cu128"", ""triton"": ""3.5.1"", ""mamba_ssm"": ""2.3.0"", ""gpu_name"": ""NVIDIA H100 NVL"", ""hostname"": ""sess3"", ""cuda_visible_devices"": ""1""}",ok,,13.077,6,20,30,40
2026-07-07T16:50:17+00:00,v4_sweep,night1,v4,sweep,131072,1714032,224.1116,6.5732,220.4443,222.6519,225.9613,584851.4,7648117.6,3.4197,19.322,361.0994736842105,400.04,89.47368421052632,29849.0,1585.2631578947369,19,True,"{""float32_matmul_precision"": ""high"", ""cuda_matmul_allow_tf32"": true, ""cudnn_allow_tf32"": true, ""cudnn_conv_fp32_precision"": ""tf32"", ""cuda_matmul_fp32_precision"": ""tf32""}","{""git_sha"": ""17a40d1c0fe891ccc7f0f436b84a227cf3bf8548"", ""torch"": ""2.9.1+cu128"", ""triton"": ""3.5.1"", ""mamba_ssm"": ""2.3.0"", ""gpu_name"": ""NVIDIA H100 NVL"", ""hostname"": ""sess3"", ""cuda_visible_devices"": ""1""}",ok,,13.077,6,20,30,40
2026-07-07T16:50:52+00:00,v4_sweep,night1,v4,sweep,262144,3428064,461.2522,7.0731,455.6946,459.8784,464.7668,568331.2,7432081.6,3.5191,38.605,369.82194444444445,395.0,89.75,58889.0,1582.5,36,True,"{""float32_matmul_precision"": ""high"", ""cuda_matmul_allow_tf32"": true, ""cudnn_allow_tf32"": true, ""cudnn_conv_fp32_precision"": ""tf32"", ""cuda_matmul_fp32_precision"": ""tf32""}","{""git_sha"": ""17a40d1c0fe891ccc7f0f436b84a227cf3bf8548"", ""torch"": ""2.9.1+cu128"", ""triton"": ""3.5.1"", ""mamba_ssm"": ""2.3.0"", ""gpu_name"": ""NVIDIA H100 NVL"", ""hostname"": ""sess3"", ""cuda_visible_devices"": ""1""}",ok,,13.077,6,20,30,40
2026-07-07T16:52:02+00:00,v4_sweep,night1,v4,sweep,524288,6856128,940.7803,9.176,932.5855,939.7299,947.0254,557290.6,7287703.8,3.5888,77.171,370.663,402.29,94.62857142857143,94657.0,1480.7142857142858,70,True,"{""float32_matmul_precision"": ""high"", ""cuda_matmul_allow_tf32"": true, ""cudnn_allow_tf32"": true, ""cudnn_conv_fp32_precision"": ""tf32"", ""cuda_matmul_fp32_precision"": ""tf32""}","{""git_sha"": ""17a40d1c0fe891ccc7f0f436b84a227cf3bf8548"", ""torch"": ""2.9.1+cu128"", ""triton"": ""3.5.1"", ""mamba_ssm"": ""2.3.0"", ""gpu_name"": ""NVIDIA H100 NVL"", ""hostname"": ""sess3"", ""cuda_visible_devices"": ""1""}",ok,,13.077,6,20,30,40
2026-07-07T16:52:05+00:00,v4_sweep,night1,v4,sweep,1048576,,,,,,,,,,51.851,,,,,,,,"{""float32_matmul_precision"": ""high"", ""cuda_matmul_allow_tf32"": true, ""cudnn_allow_tf32"": true, ""cudnn_conv_fp32_precision"": ""tf32"", ""cuda_matmul_fp32_precision"": ""tf32""}","{""git_sha"": ""17a40d1c0fe891ccc7f0f436b84a227cf3bf8548"", ""torch"": ""2.9.1+cu128"", ""triton"": ""3.5.1"", ""mamba_ssm"": ""2.3.0"", ""gpu_name"": ""NVIDIA H100 NVL"", ""hostname"": ""sess3"", ""cuda_visible_devices"": ""1""}",fail,"OutOfMemoryError: CUDA out of memory. Tried to allocate 47.44 GiB. GPU 0 has a total capacity of 93.09 GiB of which 17.58 GiB is free. Including non-PyTorch memory, this process has 75.50 GiB memory in use. Of the allocated memory 51.85 GiB is allocated by PyTorch, and 22.96 GiB is reserved by PyTorch but unallocated. If reserved but unallocated memory is large try setting PYTORCH_CUDA_ALLOC_CONF=expandable_segments:True to avoid fragmentation.  See documentation for Memory Management  (https://pytorch.org/docs/stable/notes/cuda.html#environment-variables)",,,,,
2026-07-07T16:52:06+00:00,v4_sweep,night1,v4,sweep,786432,,,,,,,,,,66.294,,,,,,,,"{""float32_matmul_precision"": ""high"", ""cuda_matmul_allow_tf32"": true, ""cudnn_allow_tf32"": true, ""cudnn_conv_fp32_precision"": ""tf32"", ""cuda_matmul_fp32_precision"": ""tf32""}","{""git_sha"": ""17a40d1c0fe891ccc7f0f436b84a227cf3bf8548"", ""torch"": ""2.9.1+cu128"", ""triton"": ""3.5.1"", ""mamba_ssm"": ""2.3.0"", ""gpu_name"": ""NVIDIA H100 NVL"", ""hostname"": ""sess3"", ""cuda_visible_devices"": ""1""}",fail,"OutOfMemoryError: CUDA out of memory. Tried to allocate 35.58 GiB. GPU 0 has a total capacity of 93.09 GiB of which 16.72 GiB is free. Including non-PyTorch memory, this process has 76.36 GiB memory in use. Of the allocated memory 66.29 GiB is allocated by PyTorch, and 9.38 GiB is reserved by PyTorch but unallocated. If reserved but unallocated memory is large try setting PYTORCH_CUDA_ALLOC_CONF=expandable_segments:True to avoid fragmentation.  See documentation for Memory Management  (https://pytorch.org/docs/stable/notes/cuda.html#environment-variables)",,,,,
2026-07-07T16:52:06+00:00,v4_sweep,night1,v4,sweep,655360,,,,,,,,,,32.422,,,,,,,,"{""float32_matmul_precision"": ""high"", ""cuda_matmul_allow_tf32"": true, ""cudnn_allow_tf32"": true, ""cudnn_conv_fp32_precision"": ""tf32"", ""cuda_matmul_fp32_precision"": ""tf32""}","{""git_sha"": ""17a40d1c0fe891ccc7f0f436b84a227cf3bf8548"", ""torch"": ""2.9.1+cu128"", ""triton"": ""3.5.1"", ""mamba_ssm"": ""2.3.0"", ""gpu_name"": ""NVIDIA H100 NVL"", ""hostname"": ""sess3"", ""cuda_visible_devices"": ""1""}",fail,"OutOfMemoryError: CUDA out of memory. Tried to allocate 29.65 GiB. GPU 0 has a total capacity of 93.09 GiB of which 28.58 GiB is free. Including non-PyTorch memory, this process has 64.50 GiB memory in use. Of the allocated memory 25.60 GiB is allocated by PyTorch, and 38.21 GiB is reserved by PyTorch but unallocated. If reserved but unallocated memory is large try setting PYTORCH_CUDA_ALLOC_CONF=expandable_segments:True to avoid fragmentation.  See documentation for Memory Management  (https://pytorch.org/docs/stable/notes/cuda.html#environment-variables)",,,,,
2026-07-07T16:52:06+00:00,v4_sweep,night1,v4,sweep,589824,,,,,,,,,,49.73,,,,,,,,"{""float32_matmul_precision"": ""high"", ""cuda_matmul_allow_tf32"": true, ""cudnn_allow_tf32"": true, ""cudnn_conv_fp32_precision"": ""tf32"", ""cuda_matmul_fp32_precision"": ""tf32""}","{""git_sha"": ""17a40d1c0fe891ccc7f0f436b84a227cf3bf8548"", ""torch"": ""2.9.1+cu128"", ""triton"": ""3.5.1"", ""mamba_ssm"": ""2.3.0"", ""gpu_name"": ""NVIDIA H100 NVL"", ""hostname"": ""sess3"", ""cuda_visible_devices"": ""1""}",fail,"OutOfMemoryError: CUDA out of memory. Tried to allocate 26.68 GiB. GPU 0 has a total capacity of 93.09 GiB of which 12.89 GiB is free. Including non-PyTorch memory, this process has 80.18 GiB memory in use. Of the allocated memory 49.73 GiB is allocated by PyTorch, and 29.77 GiB is reserved by PyTorch but unallocated. If reserved but unallocated memory is large try setting PYTORCH_CUDA_ALLOC_CONF=expandable_segments:True to avoid fragmentation.  See documentation for Memory Management  (https://pytorch.org/docs/stable/notes/cuda.html#environment-variables)",,,,,
2026-07-07T16:52:07+00:00,v4_sweep,night1,v4,sweep,557056,,,,,,,,,,46.969,,,,,,,,"{""float32_matmul_precision"": ""high"", ""cuda_matmul_allow_tf32"": true, ""cudnn_allow_tf32"": true, ""cudnn_conv_fp32_precision"": ""tf32"", ""cuda_matmul_fp32_precision"": ""tf32""}","{""git_sha"": ""17a40d1c0fe891ccc7f0f436b84a227cf3bf8548"", ""torch"": ""2.9.1+cu128"", ""triton"": ""3.5.1"", ""mamba_ssm"": ""2.3.0"", ""gpu_name"": ""NVIDIA H100 NVL"", ""hostname"": ""sess3"", ""cuda_visible_devices"": ""1""}",fail,"OutOfMemoryError: CUDA out of memory. Tried to allocate 25.20 GiB. GPU 0 has a total capacity of 93.09 GiB of which 23.89 GiB is free. Including non-PyTorch memory, this process has 69.18 GiB memory in use. Of the allocated memory 46.97 GiB is allocated by PyTorch, and 21.53 GiB is reserved by PyTorch but unallocated. If reserved but unallocated memory is large try setting PYTORCH_CUDA_ALLOC_CONF=expandable_segments:True to avoid fragmentation.  See documentation for Memory Management  (https://pytorch.org/docs/stable/notes/cuda.html#environment-variables)",,,,,
2026-07-07T16:52:07+00:00,v4_sweep,night1,v4,sweep,540672,,,,,,,,,,45.589,,,,,,,,"{""float32_matmul_precision"": ""high"", ""cuda_matmul_allow_tf32"": true, ""cudnn_allow_tf32"": true, ""cudnn_conv_fp32_precision"": ""tf32"", ""cuda_matmul_fp32_precision"": ""tf32""}","{""git_sha"": ""17a40d1c0fe891ccc7f0f436b84a227cf3bf8548"", ""torch"": ""2.9.1+cu128"", ""triton"": ""3.5.1"", ""mamba_ssm"": ""2.3.0"", ""gpu_name"": ""NVIDIA H100 NVL"", ""hostname"": ""sess3"", ""cuda_visible_devices"": ""1""}",fail,"OutOfMemoryError: CUDA out of memory. Tried to allocate 24.46 GiB. GPU 0 has a total capacity of 93.09 GiB of which 23.89 GiB is free. Including non-PyTorch memory, this process has 69.18 GiB memory in use. Of the allocated memory 45.59 GiB is allocated by PyTorch, and 22.91 GiB is reserved by PyTorch but unallocated. If reserved but unallocated memory is large try setting PYTORCH_CUDA_ALLOC_CONF=expandable_segments:True to avoid fragmentation.  See documentation for Memory Management  (https://pytorch.org/docs/stable/notes/cuda.html#environment-variables)",,,,,
2026-07-07T16:52:24+00:00,v10L192_v0_r2,night1_10L192,v0,staged,22000,287265,363.6723,5.1042,362.0373,362.4679,363.0579,60494.0,789900.6,33.0611,5.236,268.3767307692308,299.02,97.1923076923077,7425.0,1785.0,52,False,"{""float32_matmul_precision"": ""high"", ""cuda_matmul_allow_tf32"": true, ""cudnn_allow_tf32"": true, ""cudnn_conv_fp32_precision"": ""tf32"", ""cuda_matmul_fp32_precision"": ""tf32""}","{""git_sha"": ""17a40d1c0fe891ccc7f0f436b84a227cf3bf8548"", ""torch"": ""2.9.1+cu128"", ""triton"": ""3.5.1"", ""mamba_ssm"": ""2.3.0"", ""gpu_name"": ""NVIDIA H100 NVL"", ""hostname"": ""sess3"", ""cuda_visible_devices"": ""0""}",ok,,13.057,6,20,100,20
2026-07-07T16:54:51+00:00,v10L192_v3c_r2,night1_10L192,v3c,staged,22000,287265,149.1686,7.1026,144.4118,147.9535,152.5123,147484.1,1925773.5,13.5608,6.209,253.76439024390245,406.37,53.53658536585366,10497.0,1502.9268292682927,41,True,"{""float32_matmul_precision"": ""high"", ""cuda_matmul_allow_tf32"": true, ""cudnn_allow_tf32"": true, ""cudnn_conv_fp32_precision"": ""tf32"", ""cuda_matmul_fp32_precision"": ""tf32""}","{""git_sha"": ""17a40d1c0fe891ccc7f0f436b84a227cf3bf8548"", ""torch"": ""2.9.1+cu128"", ""triton"": ""3.5.1"", ""mamba_ssm"": ""2.3.0"", ""gpu_name"": ""NVIDIA H100 NVL"", ""hostname"": ""sess3"", ""cuda_visible_devices"": ""0""}",ok,,13.057,6,20,100,40
2026-07-07T16:55:52+00:00,v10L128_v0_r2,night1_10L128,v0,staged,22000,287265,300.0632,3.6861,298.5933,298.9138,299.5729,73317.9,957348.4,27.2785,3.169,207.79116279069768,259.72,94.23255813953489,4603.0,1785.0,43,False,"{""float32_matmul_precision"": ""high"", ""cuda_matmul_allow_tf32"": true, ""cudnn_allow_tf32"": true, ""cudnn_conv_fp32_precision"": ""tf32"", ""cuda_matmul_fp32_precision"": ""tf32""}","{""git_sha"": ""17a40d1c0fe891ccc7f0f436b84a227cf3bf8548"", ""torch"": ""2.9.1+cu128"", ""triton"": ""3.5.1"", ""mamba_ssm"": ""2.3.0"", ""gpu_name"": ""NVIDIA H100 NVL"", ""hostname"": ""sess3"", ""cuda_visible_devices"": ""1""}",ok,,13.057,6,20,100,20
2026-07-07T16:56:40+00:00,v10L128_v3c_r2,night1_10L128,v3c,staged,22000,287265,88.8577,6.58,85.8693,87.3317,90.8894,247586.8,3232864.3,8.078,4.116,213.96300000000002,402.5,34.36666666666667,6153.0,1592.0,30,True,"{""float32_matmul_precision"": ""high"", ""cuda_matmul_allow_tf32"": true, ""cudnn_allow_tf32"": true, ""cudnn_conv_fp32_precision"": ""tf32"", ""cuda_matmul_fp32_precision"": ""tf32""}","{""git_sha"": ""17a40d1c0fe891ccc7f0f436b84a227cf3bf8548"", ""torch"": ""2.9.1+cu128"", ""triton"": ""3.5.1"", ""mamba_ssm"": ""2.3.0"", ""gpu_name"": ""NVIDIA H100 NVL"", ""hostname"": ""sess3"", ""cuda_visible_devices"": ""1""}",ok,,13.057,6,20,100,40
2026-07-07T19:37:32+00:00,v4_sweep_big,night1,v4,sweep,131072,1709075,224.3422,1.7061,222.1339,224.2439,226.506,584250.4,7618161.9,3.4232,19.32,,,,,,,,"{""float32_matmul_precision"": ""high"", ""cuda_matmul_allow_tf32"": true, ""cudnn_allow_tf32"": true, ""cudnn_conv_fp32_precision"": ""tf32"", ""cuda_matmul_fp32_precision"": ""tf32""}","{""git_sha"": ""17a40d1c0fe891ccc7f0f436b84a227cf3bf8548"", ""torch"": ""2.9.1+cu128"", ""triton"": ""3.5.1"", ""mamba_ssm"": ""2.3.0"", ""gpu_name"": ""NVIDIA H100 NVL"", ""hostname"": ""sess3"", ""cuda_visible_devices"": ""0""}",ok,,13.039,6,20,20,40
2026-07-07T19:38:00+00:00,v4_sweep_big,night1,v4,sweep,262144,3418150,460.4011,2.4903,456.9998,461.2413,463.3898,569381.8,7424287.8,3.5126,38.6,,,,,,,,"{""float32_matmul_precision"": ""high"", ""cuda_matmul_allow_tf32"": true, ""cudnn_allow_tf32"": true, ""cudnn_conv_fp32_precision"": ""tf32"", ""cuda_matmul_fp32_precision"": ""tf32""}","{""git_sha"": ""17a40d1c0fe891ccc7f0f436b84a227cf3bf8548"", ""torch"": ""2.9.1+cu128"", ""triton"": ""3.5.1"", ""mamba_ssm"": ""2.3.0"", ""gpu_name"": ""NVIDIA H100 NVL"", ""hostname"": ""sess3"", ""cuda_visible_devices"": ""0""}",ok,,13.039,6,20,20,40
2026-07-07T19:38:58+00:00,v4_sweep_big,night1,v4,sweep,524288,6836300,952.8925,4.1416,948.9868,951.7856,957.8891,550206.9,7174261.4,3.635,77.159,,,,,,,,"{""float32_matmul_precision"": ""high"", ""cuda_matmul_allow_tf32"": true, ""cudnn_allow_tf32"": true, ""cudnn_conv_fp32_precision"": ""tf32"", ""cuda_matmul_fp32_precision"": ""tf32""}","{""git_sha"": ""17a40d1c0fe891ccc7f0f436b84a227cf3bf8548"", ""torch"": ""2.9.1+cu128"", ""triton"": ""3.5.1"", ""mamba_ssm"": ""2.3.0"", ""gpu_name"": ""NVIDIA H100 NVL"", ""hostname"": ""sess3"", ""cuda_visible_devices"": ""0""}",ok,,13.039,6,20,20,40
2026-07-07T19:38:59+00:00,v4_sweep_big,night1,v4,sweep,1048576,,,,,,,,,,51.829,,,,,,,,"{""float32_matmul_precision"": ""high"", ""cuda_matmul_allow_tf32"": true, ""cudnn_allow_tf32"": true, ""cudnn_conv_fp32_precision"": ""tf32"", ""cuda_matmul_fp32_precision"": ""tf32""}","{""git_sha"": ""17a40d1c0fe891ccc7f0f436b84a227cf3bf8548"", ""torch"": ""2.9.1+cu128"", ""triton"": ""3.5.1"", ""mamba_ssm"": ""2.3.0"", ""gpu_name"": ""NVIDIA H100 NVL"", ""hostname"": ""sess3"", ""cuda_visible_devices"": ""0""}",fail,"OutOfMemoryError: CUDA out of memory. Tried to allocate 47.44 GiB. GPU 0 has a total capacity of 93.09 GiB of which 22.66 GiB is free. Including non-PyTorch memory, this process has 70.42 GiB memory in use. Of the allocated memory 51.83 GiB is allocated by PyTorch, and 17.91 GiB is reserved by PyTorch but unallocated. If reserved but unallocated memory is large try setting PYTORCH_CUDA_ALLOC_CONF=expandable_segments:True to avoid fragmentation.  See documentation for Memory Management  (https://pytorch.org/docs/stable/notes/cuda.html#environment-variables)",,,,,
2026-07-07T19:39:02+00:00,v4_sweep_big,night1,v4,sweep,786432,,,,,,,,,,38.882,,,,,,,,"{""float32_matmul_precision"": ""high"", ""cuda_matmul_allow_tf32"": true, ""cudnn_allow_tf32"": true, ""cudnn_conv_fp32_precision"": ""tf32"", ""cuda_matmul_fp32_precision"": ""tf32""}","{""git_sha"": ""17a40d1c0fe891ccc7f0f436b84a227cf3bf8548"", ""torch"": ""2.9.1+cu128"", ""triton"": ""3.5.1"", ""mamba_ssm"": ""2.3.0"", ""gpu_name"": ""NVIDIA H100 NVL"", ""hostname"": ""sess3"", ""cuda_visible_devices"": ""0""}",fail,"OutOfMemoryError: CUDA out of memory. Tried to allocate 35.58 GiB. GPU 0 has a total capacity of 93.09 GiB of which 22.66 GiB is free. Including non-PyTorch memory, this process has 70.42 GiB memory in use. Of the allocated memory 38.88 GiB is allocated by PyTorch, and 30.85 GiB is reserved by PyTorch but unallocated. If reserved but unallocated memory is large try setting PYTORCH_CUDA_ALLOC_CONF=expandable_segments:True to avoid fragmentation.  See documentation for Memory Management  (https://pytorch.org/docs/stable/notes/cuda.html#environment-variables)",,,,,
2026-07-07T19:39:05+00:00,v4_sweep_big,night1,v4,sweep,655360,,,,,,,,,,75.806,,,,,,,,"{""float32_matmul_precision"": ""high"", ""cuda_matmul_allow_tf32"": true, ""cudnn_allow_tf32"": true, ""cudnn_conv_fp32_precision"": ""tf32"", ""cuda_matmul_fp32_precision"": ""tf32""}","{""git_sha"": ""17a40d1c0fe891ccc7f0f436b84a227cf3bf8548"", ""torch"": ""2.9.1+cu128"", ""triton"": ""3.5.1"", ""mamba_ssm"": ""2.3.0"", ""gpu_name"": ""NVIDIA H100 NVL"", ""hostname"": ""sess3"", ""cuda_visible_devices"": ""0""}",fail,"OutOfMemoryError: CUDA out of memory. Tried to allocate 13.75 GiB. GPU 0 has a total capacity of 93.09 GiB of which 2.98 GiB is free. Including non-PyTorch memory, this process has 90.10 GiB memory in use. Of the allocated memory 75.81 GiB is allocated by PyTorch, and 13.61 GiB is reserved by PyTorch but unallocated. If reserved but unallocated memory is large try setting PYTORCH_CUDA_ALLOC_CONF=expandable_segments:True to avoid fragmentation.  See documentation for Memory Management  (https://pytorch.org/docs/stable/notes/cuda.html#environment-variables)",,,,,
2026-07-07T19:39:08+00:00,v4_sweep_big,night1,v4,sweep,589824,,,,,,,,,,68.231,,,,,,,,"{""float32_matmul_precision"": ""high"", ""cuda_matmul_allow_tf32"": true, ""cudnn_allow_tf32"": true, ""cudnn_conv_fp32_precision"": ""tf32"", ""cuda_matmul_fp32_precision"": ""tf32""}","{""git_sha"": ""17a40d1c0fe891ccc7f0f436b84a227cf3bf8548"", ""torch"": ""2.9.1+cu128"", ""triton"": ""3.5.1"", ""mamba_ssm"": ""2.3.0"", ""gpu_name"": ""NVIDIA H100 NVL"", ""hostname"": ""sess3"", ""cuda_visible_devices"": ""0""}",fail,"OutOfMemoryError: CUDA out of memory. Tried to allocate 12.38 GiB. GPU 0 has a total capacity of 93.09 GiB of which 2.98 GiB is free. Including non-PyTorch memory, this process has 90.10 GiB memory in use. Of the allocated memory 68.23 GiB is allocated by PyTorch, and 21.19 GiB is reserved by PyTorch but unallocated. If reserved but unallocated memory is large try setting PYTORCH_CUDA_ALLOC_CONF=expandable_segments:True to avoid fragmentation.  See documentation for Memory Management  (https://pytorch.org/docs/stable/notes/cuda.html#environment-variables)",,,,,
2026-07-07T19:39:11+00:00,v4_sweep_big,night1,v4,sweep,557056,,,,,,,,,,76.129,,,,,,,,"{""float32_matmul_precision"": ""high"", ""cuda_matmul_allow_tf32"": true, ""cudnn_allow_tf32"": true, ""cudnn_conv_fp32_precision"": ""tf32"", ""cuda_matmul_fp32_precision"": ""tf32""}","{""git_sha"": ""17a40d1c0fe891ccc7f0f436b84a227cf3bf8548"", ""torch"": ""2.9.1+cu128"", ""triton"": ""3.5.1"", ""mamba_ssm"": ""2.3.0"", ""gpu_name"": ""NVIDIA H100 NVL"", ""hostname"": ""sess3"", ""cuda_visible_devices"": ""0""}",fail,"OutOfMemoryError: CUDA out of memory. Tried to allocate 11.69 GiB. GPU 0 has a total capacity of 93.09 GiB of which 2.29 GiB is free. Including non-PyTorch memory, this process has 90.79 GiB memory in use. Of the allocated memory 70.29 GiB is allocated by PyTorch, and 19.81 GiB is reserved by PyTorch but unallocated. If reserved but unallocated memory is large try setting PYTORCH_CUDA_ALLOC_CONF=expandable_segments:True to avoid fragmentation.  See documentation for Memory Management  (https://pytorch.org/docs/stable/notes/cuda.html#environment-variables)",,,,,
2026-07-07T19:39:12+00:00,v4_sweep_big,night1,v4,sweep,540672,,,,,,,,,,70.039,,,,,,,,"{""float32_matmul_precision"": ""high"", ""cuda_matmul_allow_tf32"": true, ""cudnn_allow_tf32"": true, ""cudnn_conv_fp32_precision"": ""tf32"", ""cuda_matmul_fp32_precision"": ""tf32""}","{""git_sha"": ""17a40d1c0fe891ccc7f0f436b84a227cf3bf8548"", ""torch"": ""2.9.1+cu128"", ""triton"": ""3.5.1"", ""mamba_ssm"": ""2.3.0"", ""gpu_name"": ""NVIDIA H100 NVL"", ""hostname"": ""sess3"", ""cuda_visible_devices"": ""0""}",fail,"OutOfMemoryError: CUDA out of memory. Tried to allocate 11.34 GiB. GPU 0 has a total capacity of 93.09 GiB of which 3.44 GiB is free. Including non-PyTorch memory, this process has 89.64 GiB memory in use. Of the allocated memory 70.04 GiB is allocated by PyTorch, and 18.92 GiB is reserved by PyTorch but unallocated. If reserved but unallocated memory is large try setting PYTORCH_CUDA_ALLOC_CONF=expandable_segments:True to avoid fragmentation.  See documentation for Memory Management  (https://pytorch.org/docs/stable/notes/cuda.html#environment-variables)",,,,,
2026-07-07T19:40:59+00:00,v4_ceiling_confirm,night1,v4,confirm,524288,6836436,951.7958,3.9815,947.6637,950.5831,956.4986,550840.8,7182670.6,3.6308,77.159,,,,,,,,"{""float32_matmul_precision"": ""high"", ""cuda_matmul_allow_tf32"": true, ""cudnn_allow_tf32"": true, ""cudnn_conv_fp32_precision"": ""tf32"", ""cuda_matmul_fp32_precision"": ""tf32""}","{""git_sha"": ""17a40d1c0fe891ccc7f0f436b84a227cf3bf8548"", ""torch"": ""2.9.1+cu128"", ""triton"": ""3.5.1"", ""mamba_ssm"": ""2.3.0"", ""gpu_name"": ""NVIDIA H100 NVL"", ""hostname"": ""sess3"", ""cuda_visible_devices"": ""0""}",ok,,13.039,6,20,20,40
2026-07-07T19:56:19+00:00,v5_sweep,night1,v5,sweep,16384,214190,22.2119,0.5718,21.5467,22.2717,22.8879,737621.3,9643012.1,2.7114,2.528,,,,,,,,"{""float32_matmul_precision"": ""high"", ""cuda_matmul_allow_tf32"": true, ""cudnn_allow_tf32"": true, ""cudnn_conv_fp32_precision"": ""tf32"", ""cuda_matmul_fp32_precision"": ""tf32""}","{""git_sha"": ""17a40d1c0fe891ccc7f0f436b84a227cf3bf8548"", ""torch"": ""2.9.1+cu128"", ""triton"": ""3.5.1"", ""mamba_ssm"": ""2.3.0"", ""gpu_name"": ""NVIDIA H100 NVL"", ""hostname"": ""sess3"", ""cuda_visible_devices"": ""1""}",ok,,13.073,6,20,20,40
2026-07-07T19:56:23+00:00,v5_sweep,night1,v5,sweep,32768,428380,44.1757,0.7663,43.3802,43.9187,45.0386,741765.0,9697183.5,2.6963,4.861,,,,,,,,"{""float32_matmul_precision"": ""high"", ""cuda_matmul_allow_tf32"": true, ""cudnn_allow_tf32"": true, ""cudnn_conv_fp32_precision"": ""tf32"", ""cuda_matmul_fp32_precision"": ""tf32""}","{""git_sha"": ""17a40d1c0fe891ccc7f0f436b84a227cf3bf8548"", ""torch"": ""2.9.1+cu128"", ""triton"": ""3.5.1"", ""mamba_ssm"": ""2.3.0"", ""gpu_name"": ""NVIDIA H100 NVL"", ""hostname"": ""sess3"", ""cuda_visible_devices"": ""1""}",ok,,13.073,6,20,20,40
2026-07-07T19:56:30+00:00,v5_sweep,night1,v5,sweep,65536,856760,90.0126,0.4388,89.3896,90.2081,90.4418,728075.8,9518222.9,2.747,9.68,,,,,,,,"{""float32_matmul_precision"": ""high"", ""cuda_matmul_allow_tf32"": true, ""cudnn_allow_tf32"": true, ""cudnn_conv_fp32_precision"": ""tf32"", ""cuda_matmul_fp32_precision"": ""tf32""}","{""git_sha"": ""17a40d1c0fe891ccc7f0f436b84a227cf3bf8548"", ""torch"": ""2.9.1+cu128"", ""triton"": ""3.5.1"", ""mamba_ssm"": ""2.3.0"", ""gpu_name"": ""NVIDIA H100 NVL"", ""hostname"": ""sess3"", ""cuda_visible_devices"": ""1""}",ok,,13.073,6,20,20,40
2026-07-07T19:56:42+00:00,v5_sweep,night1,v5,sweep,131072,1713520,179.973,0.8883,178.8154,180.0552,181.1035,728286.9,9520981.6,2.7462,19.322,,,,,,,,"{""float32_matmul_precision"": ""high"", ""cuda_matmul_allow_tf32"": true, ""cudnn_allow_tf32"": true, ""cudnn_conv_fp32_precision"": ""tf32"", ""cuda_matmul_fp32_precision"": ""tf32""}","{""git_sha"": ""17a40d1c0fe891ccc7f0f436b84a227cf3bf8548"", ""torch"": ""2.9.1+cu128"", ""triton"": ""3.5.1"", ""mamba_ssm"": ""2.3.0"", ""gpu_name"": ""NVIDIA H100 NVL"", ""hostname"": ""sess3"", ""cuda_visible_devices"": ""1""}",ok,,13.073,6,20,20,40
2026-07-07T19:57:06+00:00,v5_sweep,night1,v5,sweep,262144,3427040,360.1759,0.5701,359.6654,360.1737,360.8428,727822.2,9514907.3,2.7479,38.604,,,,,,,,"{""float32_matmul_precision"": ""high"", ""cuda_matmul_allow_tf32"": true, ""cudnn_allow_tf32"": true, ""cudnn_conv_fp32_precision"": ""tf32"", ""cuda_matmul_fp32_precision"": ""tf32""}","{""git_sha"": ""17a40d1c0fe891ccc7f0f436b84a227cf3bf8548"", ""torch"": ""2.9.1+cu128"", ""triton"": ""3.5.1"", ""mamba_ssm"": ""2.3.0"", ""gpu_name"": ""NVIDIA H100 NVL"", ""hostname"": ""sess3"", ""cuda_visible_devices"": ""1""}",ok,,13.073,6,20,20,40
2026-07-07T19:57:52+00:00,v5_sweep,night1,v5,sweep,524288,6854080,749.8912,2.0571,747.7579,750.5716,752.0678,699152.1,9140099.0,2.8606,77.17,,,,,,,,"{""float32_matmul_precision"": ""high"", ""cuda_matmul_allow_tf32"": true, ""cudnn_allow_tf32"": true, ""cudnn_conv_fp32_precision"": ""tf32"", ""cuda_matmul_fp32_precision"": ""tf32""}","{""git_sha"": ""17a40d1c0fe891ccc7f0f436b84a227cf3bf8548"", ""torch"": ""2.9.1+cu128"", ""triton"": ""3.5.1"", ""mamba_ssm"": ""2.3.0"", ""gpu_name"": ""NVIDIA H100 NVL"", ""hostname"": ""sess3"", ""cuda_visible_devices"": ""1""}",ok,,13.073,6,20,20,40
